id,empresa,pais,produtos,subproduto,nome,cargo,email,telefone,website,pasta
1,Agritrade,Peru,Cacaos Nuts Peru,Cacao Nuts Peru,Diego Galvez Martín,General Manager,dgalvez@agritradeperu.com,(+51)(1) 239 8711 | (+51) 992 527 070,www.agritradeperu.com,America do Sul
2,Agro Fergi,Peru,,,Jorge Fernández G.,Gerente General / General Manager,jfernando@agrofergi.com.pe,(+51) 997 564 425,www.agrofergi.com.pe,America do Sul
3,AgroFino,Peru,,,Emilio Jose Farah,Gerente General,ejfarah@agrofino.com.pe,+511 264 1856 | +51 999 682 721 | RPM: #999682721,www.agrofino.com.pe,America do Sul
4,Agroliva,Peru,"Azeitonas, Azeite de Oliva",,Marisol Churata Serrano,Gerente Comercial,ventas@agroliva.com.pe,956 561 600,www.agroliva.com.pe,America do Sul
5,APYMEL (SME Dairy Association),Argentina,Queijos & Laticínios,,Fernando Ramos,Manager / Export Dairy Board APYMEL,exportacion@apymel.com.ar,(011) 15 5563 2716 | +54 9 11 5563 2716,,America do Sul
6,Bodega RFM,Argentina,,,Silvina Santi,Export Manager,comex@bodegarfm.com.ar,+54 (261) 4910459 - (261) 4912458 | +54 9 261 5454993,www.bodegarfm.com.ar,America do Sul
7,CALBU SpA,Chile,,,Matías Haeussler,Gerente General / Managing Director,mhaeussler@calbu.cl,+56 (2) 22417799 | +56 (9) 94508687,,America do Sul
8,Cassini y Cesaratto (LaQuesera),Argentina,Queijos & Laticínios,,Martín Ovando,,martinovando@cyc.com.ar,+54-3404-421891 / 421299 / 421829 | 03404-15512910,www.cassiniycesaratto.com.ar,America do Sul
9,Datum (Innovalia S.A.),Argentina,,,Jorge Gregorio Lifschitz,,,Tel. 54 11 4652-4428 // 54 11 4855-2483 | Cel. 54 9 11 6569-3552 // Cel. Brasil 11 9 4969-9854,,America do Sul
10,DITZLER Chile Ltda.,Chile,,,Cristóbal Domínguez,Gerente de Ventas / Sales Director,cristobal.dominguez@ditzler.cl,Directo/Main: +56 2 2598 2096 | Móvil/Mobile: +56 9 7107 1438 | Tel.: +56 2 2598 2000,www.ditzlerchile.com,America do Sul
11,Excard (Rivexport & Spicex),Guatemala,Especiarias,,Ricardo de León Rivera,International Business Manager,ricardo@excardsa.com,(502) 3484-4593 | Tel. (502) 6632-6749/77 - Fax: (502) 6632-6775,www.excardsa.com,America do Sul
12,Global South Trade,Argentina,Dried Fruits & Nuts,SIALBA 25,Matias Varas,Founder & CEO,info@globalsouthtrade.com,+54 9 261 4 68 7312,www.globalsouthtrade.com,America do Sul
13,"Goodvalley (Deshidratados - Colchagua, Chile)",Chile,Desidratados,,Cristián Gana A.,CEO,cristian.gana@goodvalley.cl,Movil: 56-97-212 3702 | Work: 56-2-5825705,www.goodvalley.cl,America do Sul
14,"Goodvalley (Deshidratados - Colchagua, Chile)",Chile,Desidratados,,Rodrigo Lecaros Monge,Gerente Comercial / Sales & Market Manager,rodrigo.lecaros@goodvalley.cl,Fono/Phone: (56-2)-2582 5705 | Móvil/Mobile: (56-9)-92665141 | Skype: goodvalley.driedfruits,www.goodvalley.cl,America do Sul
15,El Campo S.A.,Argentina,"Cereales - Oleaginosas, Subproductos, Girasol Confitero, Transporte Internacional",,Gorordo Roberto Carlos,Presidente / CEO,roberto.gorordo@gmail.com,Cel/Movil: +549 2302 412621 | Tel/Phone: +54 2335 472102 | 231 | 240,,America do Sul
16,"Granos de Sinaloa, S.A. de C.V.",México,Grãos,Graos Bico,Lic. Andrea Gómez Millán,Gerente comercial / Commercial Manager,andrea.gomez@granos.com.mx | granos@granos.com.mx,+(52) 1 33 1417 3686 | Tel. +(52) 667 760 2480,www.granos.com.mx,America do Sul
17,Imexfutura (Incatrail),Peru,"Graos, Funghi, Quinoa","Graos, Funghi, Quinoa",Daniel Saint-Pere Caprile,,danielsaintpere@imexfutura.com,Of: +51(1) 7193969 | Skype: imexfutura,www.imexfutura.com,America do Sul
18,Italimentos,,,,Umberto Colantuoni,Director,ucolantuoni@italimentos.com,+56 9 7977 6263 | +39.366.1191518,www.italimentos.com,America do Sul
19,La Cristina Lácteos,Argentina,Queijos & Laticínios,,Ing. Hernán Pérez,Business General Manager - Industrial Division,hperez@lcsuero.com,Tel.: 54 11 /4837-8000 / Fax: (54-11) 4837-8011 | Tel-Fax: (54 353) 454-8043 al 46,www.lcsuero.com,America do Sul
20,LACTEAR S.A.,Argentina,Queijos & Laticínios,,Yanina Bosio,Foreign Trade Manager,comex@lactear.com.ar,Cellphone (+54 9) 3562 506562 | Skype ID: Yanis.Bosio,www.lactear.com.ar,America do Sul
21,La Nogalera Group,México,Dried Fruits & Nuts,,José Miguel Medina,Commercial Director,,+52 656 843 3052 Ext. 204 | +1 (214) 764-6801 | +1 (678) 520 6849,www.lanogalera.com,America do Sul
22,Mahuida Group (Mahuida Nuts),,Dried Fruits & Nuts,,Alfonso Merino,,a.merino@mahuidagroup.com,(+56 9) 4026 3906,www.mahuidagroup.com,America do Sul
23,Maipofoods (Procesadora Rengo),,,,Antonio Aguirre,CEO,antonio@maipofoods.com,Tel. +56 2 2259 0111 | Cel. +56 9 9599 3220,www.maipofoods.com | www.prorengo.cl,America do Sul
24,Mayan Vanilla,México,Vanilla | Baunilha,,Fernando Torres Parraud,,sales@mayanvanilla.com,+52 9991 80 27 97,www.mayanvanilla.com,America do Sul
25,Mendoza Tasting (Sabores de Argentina),Argentina,,,Silvina Santi,Coordinator - Export Manager,silvinansanti@gmail.com,+54 9 261 5454993 | Skype: silvina.santi,www.mendozatasting.com.ar,America do Sul
26,Noal S.A. (Excelencia Láctea),Argentina,Queijos & Laticínios,,Walter G. Colazo,Dpto. Comercio Exterior / Foreign Trade Dept.,export@noal.com,movil. +54 9 353 4240929 | Tel: 0054-353-4531901 - Fax: 0054-353-4533525,www.noal.com,America do Sul
27,Olivares de Quepu,Chile,"Azeitonas, Azeite de Oliva",,Juan Eduardo Aguirre Saúd,Gerente Comercial y logística,jaguirre@quepu.cl,Tel: (56 71) 2534640 | Mobile: (56 9) 66075843,www.quepu.cl,America do Sul
28,Omegachia (Grupo ASI),México,Chía,ANUGA 2015 | Chia,L.A. Juan Antonio Martín López,Asesor Comercial,omegachia@yahoo.com,Tels. (+52) 378 1040 685 / (+52) 378 1301 684,www.grupoasi.mx,America do Sul
29,Paladini,Argentina,,,María José Roca,Jefe de Comercio Exterior,maria.roca@paladini.com | info@paladini.com,Cel.: +54 9 0341 156 405651 | +54 0341 492 1801 | +54 0341 492 2450,www.paladini.com,America do Sul
30,Pampa Cheese Argentina,Argentina,Queijos & Laticínios,,Santiago Aguirre,Commercial Manager,saguirre@pampacheese.com,Tel. +5411 4833-5513 / 4832-4092 | Cel. +54911 15-4049-2243 | Skype: santi.aguirre,www.pampacheese.com,America do Sul
31,Plater's Food S.A.C. (Import and Distribution),Peru,"Graos, Funghi, Quinoa",,Lucio Platero Yapuchura,President/CEO,grupoplaters@grupoplaters.com,Telf.: (511) 324-5419 Fax: (511) 473-1585 | Móvil: 947-354-781,www.platersfood.com,America do Sul
32,Popular Association Banking (A division of Popular Bank),,,,Molly Hime,"Senior Vice President, Director - Community Association Products & Services",MHime@popular.com,O: (786) 953-1268 | C: (305) 987-8719 | T: (800) 233-7164,,America do Sul
33,Popular Association Banking (A division of Popular Bank),,,,Rebecca R. Prieto,"Senior Vice President, South Florida Team Leader - Community Association Products & Services",RPrieto@popular.com,O: (786) 953-1221 | F: (305) 821-7284 | C: (305) 206-0170 | T: (800) 233-7164,,America do Sul
34,Prugna SRL,Argentina,Productos orgánicos (ciruela),,"Sánchez,  Rodrigo Nicolás",Sales Manager,prugnasrl@gmail.com,+54 9 2604419683,www.prugnasrl.com.ar,America do Sul
35,Remotti,Argentina,Suero,,Ing. Hernán Perez,Gerente General - División Suero,hperez@remotti.com.ar | aetchepare@remotti.com.ar,Tel. (54 11) 4837-8050 | Fax (54 11) 4837-8051,www.remotti.com.ar,America do Sul
36,Salica del Ecuador S.A.,Equador,Peixes Enlatados,,María Esther Castro,Jefe de Ventas Internacionales / Head of International Sales,mcastro@salicadelecuador.com.ec,(593-4) 6006990 | (+593) 962790210,www.salica-america.com,America do Sul
37,San Ignacio,Argentina,,,Juan Patricio Anderson,Exports Manager,janderson@sanignacio.com.ar,Ph. +54 (11) 6009-4900 int: 205 | Mob. +54 (9) 11 53365183,www.sanignacio.com.ar,America do Sul
38,S&M Foods,Peru,"Graos, Funghi, Quinoa","Orégano, Páprica",Alejandra Santiago,Commercial Manager,acano@smfoods.com.pe,+51 238 1353 Ext. 27 | +51 992 757 485,www.smfoods.com.pe,America do Sul
39,Santa Rita Estates,Chile,Vinhos,,Luis Alejandro Perez L.,Brand Ambassador,lperezl@santarita.cl,C. 55 (11) 9 7346 7193,,America do Sul
40,Especiera Tacna,Peru,Especiarias,"Azapa, Azapa FAT, Oregano",David Flores Aguirre,Gerente Comercial,especieratacna@hotmail.com | dflores@especieratacna.com.pe,+51 952 960201,www.especieratacna.com.pe,America do Sul
41,Tregar (García Hnos S.R.L. Agroindustrial),Argentina,,,Rodrigo Gonnet,Comercio Exterior / Foreign Trade,rodrigo.gonnet@garciahnos.com.ar,Tel.: +54 (3498) 480747 | Cel.: +54 9 (3498) 443836,www.tregar.com.ar,America do Sul
42,Vanilla-Trade,México,Vanilla | Baunilha,,Nadja Schumann,,schumann@vanilla-trade.com,+52-2291-520227 | +52-229-1303630,www.vanilla-trade.com,America do Sul
43,VIK,Mónaco,,,Alexander M.S. Vik,,alex@vik.org,TEL +377.99.99.91.61 | FAX +377.99.99.91.63 | CELL +377.6.78.63.11.18 | Skype: amsvik,,America do Sul
44,Vínculos Agrícolas E.I.R.L.,Peru,Quinoa,"Chia, Quinoa | SIALBA 25",Lisette Cáceres,International Account Manager,lcaceres@vinculosagricolas.com,Ext. 408 | Cel.: (511) 991698720 | Of.: (511) 372-8048 | Cel.: (511) 372 7233 | Fax: (511) 372 7233,www.vinculosagricolas.com,America do Sul
45,Watts,Chile,,,Katherine Rojas Contrera,Business Manager,katherine.rojas@watts.cl,Tel.: +56-22 441 4112,www.watts.cl,America do Sul
46,Wiraccocha (Healthy Foods),Peru,Dried Fruits & Nuts,"Quinoa, Amaranth, Maca, Chía, Cacao, Jengibre, Cúrcuma, Aguaymanto (Golden Berries), Frutos secos amazónicos",,COMEX (Comercio Exterior),comex@wiraccocha.com.pe,,www.wiraccocha.com.pe,America do Sul
47,Agro Fergi,Peru,"Orégano, Chia, Quinoa","Orégano, Chia, Quinoa",Jorge Fernández G.,Gerente General / General Manager,jfernando@agrofergi.com.pe,(+51) 997 564 425,www.agrofergi.com.pe,ANUGA_America do Sul
48,"ApexBrasil (Buy Brazil - Ministerio de Desarrollo, Industria, Comercio y Servicios)",Brasil,,,,,apexbrasil@apexbrasil.com.br,+55 61 2027 0223,apexbrasil.com.br/en | buybrazil.com,ANUGA_America do Sul
49,Castanhas Ouro Verde (Ouro Verde Nuts),,Castanhas (frutos secos de la Amazonía),Pará,Lucas Santana,Comercial | Exportação,comercial@castanhasouroverde.com.br,+55 (69) 9.9949-3901,castanhasouroverde.com.br,ANUGA_America do Sul
50,DCOOP (Nature full of Soul),,"Azeitonas, Azeite de Oliva",,,,,,www.dcoop.es,ANUGA_America do Sul
51,Fedecovera Guatemala,Guatemala,,,Ana Gabriela Iboy Serrano,Asistente de Logística / Logistics Assistant,giboy@fedecovera.com,+(502) 7929-1717 | +(502) 2205-5121 | +(502) 3384-6274,www.fedecovera.com,ANUGA_America do Sul
52,Fedecovera Guatemala,Guatemala,Especiarias,,María Alejandra Riveiro M.Sc.,Asistente de Comercialización - Marketing,mriveiro@fedecovera.com,+(502) 7929-1717 Ext. 214 | +(502) 4485-5156,www.fedecovera.com,ANUGA_America do Sul
53,Libby's Brand Holding LTD,Argentina,,,Carlos Pelenur,Director L.A.,carlos.pelenur@libbys.com,Mobile. +54 911 4445 9265,www.libbys.com,ANUGA_America do Sul
54,Ostinato Group,Brasil,Dried Fruits & Nuts,,Vinicius Mastelaro,International Trader,vinicius.mastelaro@ostinato.com.br,Tel. +55 11 5056-9580 | Mob. +55 11 94514-7729,www.ostinato.com.br,ANUGA_America do Sul
55,S&M Foods,Peru,Quinoa,Quinoa,Arón Gadea Espinoza,Gerente Comercial,agadea@smfoods.com.pe,+51 943 574 797,www.smfoods.com.pe,ANUGA_America do Sul
56,Seneca (Farm Fresh Goodness Made Great),Argentina,,,Carlos Pelenur,"Managing Director, Latin America",cpelenur@senecafoods.com,p: 54-11-4552-4809 | f: 54-11-4555-1053 | c: 54-9-11-4445-9265,senecafoods.com,ANUGA_America do Sul
57,Terrandes S.A. (Import & Export),,,,Fernando Fusari,,info@terrandessa.com,+54 9 2612 09-9377,www.terrandessa.com,ANUGA_America do Sul
58,Terrandes S.A. (Import & Export),,,,Diego Valverde,,info@terrandessa.com,+54 9 2616 88-0333,www.terrandessa.com,ANUGA_America do Sul
59,"Xingtai Hongri Biotech Co., Ltd",China,Chili Pepper,,Carol Ning,,carolningxiao@qq.com,+86-319-3971719 | +86-17531975627,www.hongrispice.com,ANUGA_China
60,"Dalian East Dawn Nuts Co., Ltd (ED NUTS)",China,Dried Fruits & Nuts,,Sharon Sun,Sales Director,sharon@eastdawnseeds.com,Mob: +86-15641180826,www.ednuts.com | www.edwalnuts.com,ANUGA_China
61,Fratelli Bonci S.R.L. (Pasticceria Bonci / Mezzasoma),Italia,Pastelería (Pasticceria),,Giulia Bonci,Amministrazione - acquisti e produzione,giulia@pasticceriabonci.it | info@pasticceriabonci.it | pasticceriabonci@pec.it,Tel. +39 055 0132549 | Cel. +39 320 8873772 | Tel. (azienda) +39 055 981225 | Fax +39 055 981726,www.pasticceriabonci.it,ANUGA_China
62,TAB Green Line s.r.l. (Gran Cucina),Italia,,,Dott. Andrea Tealdi,,info@tabgreenline.it,cell. +39 339.6695593 | Tel 0172.648124 | Fax 0172.648700,www.tabgreenline.it,ANUGA_China
63,"Heilongjiang Hexing Agricultural Products Co., Ltd",China,Seeds | Sementes,Abobora,Maria Zhang (张娜),Sales Manager,maria@hexing-food.com,Tel: 0086-469-5227800 | Mob: 0086-15040505359,www.hexing-food.com,ANUGA_China
64,"Gold Hope Co., Ltd (Sikiang Cassia Factory)",China,Cinnamon | Canela,"Canela china entera, anís estrellado, jengibre seco, raíces de galanga, cardamomo negro",Hilson Li,,sikiang@163.com,TEL: 86-19121736650 | FAX: 86-774-3843429 | WeChat: hotong000 | WhatsApp: 008619121736650,,ANUGA_China
65,Industrial Commercial Service (ICS) GmbH,Alemanha,,,Vahab Komlakh,Sales Manager / Verkaufsleiter,Vahab@ics-food.de | Vahab2k@yahoo.com,Tel +49 (0) 241 562 561 | Mobile +49 (0) 152 17115859,www.ics-food.de,ANUGA_China
66,"Shandong Hitop Foodstuff Co., Ltd (Joyfruit dried fruit)",China,Dried Fruits & Nuts,"Pasas: Sultana, Brown, Green, Yellow, Blackcurrant Raisins",Alex Ge,Manager,haitongsale2@hitopfood.com,+86 (0) 191 5397 3026 | +86 (0) 539 7919 902 | +86 (0) 539 7919 908,http://www.hitopfood.com,ANUGA_China
67,"Kunming Universal Trading Co., Ltd",China,Mushrooms | Cogumelos | Hongos,,Maggie Li,Sales Director,hanhanyu_2009@188.com,Mobile phone: 19808807523,,ANUGA_China
68,La Bella San Marzano,Italia,Tomate,,Lorenzo Viscardi,Export Manager,info@labellasanmarzano.it,(+39) 366 4198780,labellasanmarzano.it,ANUGA_China
69,"Lontrue Co., Ltd",China,Dried Fruits & Nuts,,Susanna Zou (邹玉妍),Sales Manager,susanna@lontrue.com,+86 187 6650 1018,www.lontrue.com,ANUGA_China
70,Maejor Nuts,Holanda (Países Baixos),Dried Fruits & Nuts,,Carlo van Boxel,,carlo@maejornuts.com | trade@maejornuts.com,m +31 (0)6 2948 6574 | p +31 (0)10 3100 888,maejornuts.com,ANUGA_China
71,"Qingdao Kington Produce Co., Ltd",China,Dried Fruits & Nuts,,Kim Zhao (赵志军),General Manager,saleskingtonfood@126.com,Tel:+86-532-85887008 | Mobile:86-13506392522,www.kingtonco.com,ANUGA_China
72,"Setton Pistachio of Terra Bella, Inc.",Holanda (Países Baixos),Pistache | Pistacchio,,Paul Ritsma,European Sales Manager,pritsma@settonfarms.eu,Main: +31 (0)575 511672 | Mobile: +31 (0)6 57 559414 | Fax: +31 (0)575 514095,settonfarms.com,ANUGA_China
73,Steriltom srl,Italia,Tomate,Pizza,Lorenzo Toffolon,Sales Manager,sales@steriltom.com,Direct +39 0523 789827 | Mobile +39 345 5623403,www.steriltom.com,ANUGA_China
74,"Tianjin Waysun Foodstuff Co., Ltd (Chalton)",China,,,Betty Ma (马淑平),Sales Manager,mspoo@tjwaysun.com,Tel: 0086 13821062111,www.waysun-cn.com,ANUGA_China
75,Zarotti S.p.A.,,,,Eugenio Catania,Responsabile Acquisti,e.catania@zarotti.it | info@zarotti.it,cell +39 348 9019631 | tel +39 0974 966069,www.zarotti.it,ANUGA_China
76,Anigozi,Georgia,"Walnuts, Almonds","Walnut, Georgia",Anna Kevkhishvili,CEO,ana@anigozi.com,(+995) 592 70 00 10 | (+995) 322 88 80 88,www.anigozi.com,ANUGA_EastEurope
77,Bio Almond Georgia (NUSHI),Georgia,"Almendras, Almonds","Almond, Georgia",Tornike Mchedlishvili,Owner,bioalmond.geo@gmail.com,(+995) 557 84 79 97,,ANUGA_EastEurope
78,Bivcom Prim / Bivofruit,Moldávia,Dried Fruits & Nuts,Dried Walnut,Bivol Ion,CEO,info@bivcomprim.md | info@bivofruit.md,+(373) 68 055 800 | +(373) 79 586 520,www.bivcomprim.md,ANUGA_EastEurope
79,Bonaro,Moldávia,Dried Fruits & Nuts,,Valeria Cojocaru,Export Manager,cojocarumsr@gmail.com,+373 790 03 088,,ANUGA_EastEurope
80,Calibro doo,Sérvia,Prunes,,Srdan Radojević,tehnolog / food technologist,srdjanradojevic@calibro.rs,Mob. +381 63 68 01 21 | Tel. +381 34 68 12 323,,ANUGA_EastEurope
81,Chelak Tomorga Xizmati,Uzbequistão,,Raisins (uva passa),Alisher Shukurlaev,Founder,alisher@chtx.uz,+998 97 810 88 88,www.chtx.uz,ANUGA_EastEurope
82,EximTorg LLC,Kyrgyzstan,"Walnuts, Almonds",,Maksat Torobekov,Founder,m.torobekov@gmail.com,+996(777)908-777,www.expo-import.com,ANUGA_EastEurope
83,Fruits Valley,Tadjiquistão,,,Ortuqov Lutfullo,Commercial director,ortukovl@gmail.com | info@fruitsvalley.tj,992928000000,www.fruitsvalley.tj,ANUGA_EastEurope
84,Fruit Voyage,Uzbequistão,Fresh fruits and vegetables,,Nigora Djurabaeva,,nigora@fruitvoyage.uz | fruitvoyagellc@gmail.com,(+99890) 922-10-90 | (+99897) 745-33-77,www.fruitvoyage.uz,ANUGA_EastEurope
85,Georgian Walnut Enterprise,Georgia,Walnuts,,Giorgi Meskhidze,Co-founder,g.meskhidze@georgianwalnut.com,+995 577 403 099,,ANUGA_EastEurope
86,Isfarafood,Tadjiquistão,Apricots,"Apricots, Plums (anotado a mano)",Mamadjonov Muminjon Muhammadjonovich,Deputy Director,manager@isfarafood.tj,+992 (93) 598-00-60,www.isfarafood.com,ANUGA_EastEurope
87,Trustagro LLC,Uzbequistão,Dried Fruits & Nuts,Raisins (uva passa),Ulugbek Zakhritdinov,CEO of Trustagro LLC,ulugbek.z@gmail.com,+998 90 992 00 17,www.trustagro.uz,ANUGA_EastEurope
88,Uz Kand,Uzbequistão,Dried Fruits & Nuts,,Ravshan Ikramov,CEO,info@uzkand.uz,"+998 99 811 50 05 | +998 90 811 50 05 (whatsapp, wechat, telegram)",www.uzkand.uz,ANUGA_EastEurope
89,Yasmina Nuts,,,,Yana Gorova,Sales manager,yasmina.company@gmail.com,+38 096 167 36 65,www.yasmina.ua,ANUGA_EastEurope
90,ZarrinFood,,Dried Fruits & Nuts,,Amonulloev Bakhodur Hamidovich,General director,8355000mz@gmail.com,+992 92 020 20 70,www.mevaizarrin.com,ANUGA_EastEurope
91,Agrim Pte Ltd,Singapore,,DC NUTMEG,Jaydeep Singh Chouhan,,jaydeep@agrimltd.com,m: +62 811 6580030 | t: +65 6638 8646,www.agrimltd.com,ANUGA_Oriente
92,Nile Garden,,,,Ahmed Nabil,Co-founder & Commercial director,Ahmed.nabil@Nile-Garden.com,+2 01122227906,,ANUGA_Oriente
93,International Commodity Exports (PVT) Ltd. / Silvermill Group of Companies,Sri Lanka,,,Arithra Silva,Head of Operations and Marketing/Director,arithra@silvermillgroup.com,Head Office T:(+94)337389377 F:(+94)332273791 M:(+94)703293326 | Corporate Office T:(+94)117389377 F:(+94)112677063,www.silvermillgroup.com,ANUGA_Oriente
94,DK Commodity Company Limited (DK Commodity Inc.),Vietnam,"Grinding Pepper, Whole Pepper, Turmeric, Cassia/Cinnamon, Star Anise, Light Pepper for Extraction, Coffee Beans, Desiccated Coconut, Other Spices and Dehydrated Products",,Ms. Quyen Nguyen,Sales Manager,sale@dkltd.vn,+84 905 19 12 87 (WhatsApp/Wechat/Line) | Tel: +84 813 019 079 | Fax: +84 28 730 565 68,www.dkltd.vn,ANUGA_Oriente
95,"Yunnan Shanyou Agricultural Development Co., Ltd. / Lincang Shanyou Agricultural Technology Development Co., Ltd",China,Walnuts,Walnut,Dorothy Qiu,Sales Director,dorothyqiu@163.com,+86 17387187596,,ANUGA_Oriente
96,Olivee Co. for production and agricultural manufacture S.A.E (Dr.Olivee),Egito,,,Omar Kandel,Export Specialist,omar.kandel@drolivee.com,Tel: +2 0554 412 231 | Fax: +2 0554 412 232 | Mobile: +2 01220571987 / +2 01280777085 / +2 01025105822,www.drolivee.com,ANUGA_Oriente
97,Elmar Trading & Production Co Ltd,Vietnam,,,Son Nguyen Thanh,Managing Director,sonnt@elmarspices.com,84918616691,www.elmarspices.com,ANUGA_Oriente
98,Elnas Nuts (Elnas Gıda İnşaat Ticaret ve Limited Şirketi),Turquia,,,Ahmet Bayır,,İnfo@elnas.com.tr,+90 533 437 47 57 | +90 533 122 22 21 (Office),www.elnas.com.tr,ANUGA_Oriente
99,Akkiliç Gıda ve Tarım Ürünleri San. Tic. Ltd. Şti.,Turquia,,,Enes Malik Kilic,Export Department,akkilic@akkilic.com.tr,0090 530 163 56 11 | P: 0090 422 324 7814 | F: 0090 422 321 1240,www.akkilic.com.tr,ANUGA_Oriente
100,"ShanDong Farmer Land Foodstuff Co.,Ltd (山东省佳百德食品有限公司)",China,Dried Fruits & Nuts,,Alice Yu / 于辉,General manager / 总经理,info@chinafarmerland.com,+86-18553287962 | Tel: 86-532-85652980 | Fax: 86-532-85652950,www.chinafarmerland.com,ANUGA_Oriente
101,Farm Keeper Group,China,Desiccated Coconut,"Pêssego, Chestnut, Pack",Daisy Gao,Export Manager,daisy.gao@farmkeeper.cn,Whatsapp/Cel: +86 13256830536,www.farmkeeper.cn,ANUGA_Oriente
102,Farm Keeper Group,China,Chestnut (anotado a mano),Chestnut,Jessie,Export Manager,jessie@farmkeeper.cn,Whatsapp/Cel: +86 15224396933,www.farmkeeper.cn,ANUGA_Oriente
103,Granuts / Grandor Co.,Iran,Pistache | Pistacchio,,Amir Sedaghat,Managing Director,info@GrandorNuts.com,"Tel: +98 21 22656601-3, +98 21 2266 8205 | Cell: +98 912 104 3350",www.GrandorNuts.com,ANUGA_Oriente
104,"Qingdao Greenlink Foods Co., Ltd. / Xinjiang Greenlink Foods Co., Ltd. / Linyi Greenlink Foods Co., Ltd.",China,Dried Fruits & Nuts,"Sultana Raisins, Green Raisins, Walnut Kernels, Roasted & Salted Peanut, Dried Apples, Goji Berry",Alison Tian,Sales Director,alison@greenlinkfoods.com,Mob/WhatsApp/WeChat: 0086 13688689409,www.greenlinkfoods.com,ANUGA_Oriente
105,Grover Sons (Govt. Recognised Export House),India,Seeds | Sementes,,,,sesame786@gmail.com,+91 9820128050,www.groversons.com,ANUGA_Oriente
106,"Sanmenxia Huayang Foodstuff Co., Ltd. (三门峡华阳食品有限公司)",China,Walnuts,,Hsin Hsin / 辛欣,Deputy General Manager / 副总经理,maryhsin@hotmail.com,Mobile: +86 18622264052 | Tel: +86 398 7881588 | Fax: +86 398 7881955,,ANUGA_Oriente
107,Indagro,Egito,"Azeitonas, Azeite de Oliva",,Elsie Emad,Export Sales Executive,elsie.shawky@indagroegypt.com,+2 0105 071 5417,www.indagroegypt.com,ANUGA_Oriente
108,JABS International Pvt. Ltd.,India,,,Jai Bhaskar Shah,Director,jaibshah@jabsinternational.com | jabs@jabsinternational.com,M: +91 9820098418 | T: +91 22 4141 2525,www.jabsinternational.com,ANUGA_Oriente
109,Kohenoor International,Paquistão,Seeds | Sementes,,Usman Hayat,Managing Director,info@kohenoorint.com,+92 334 2634411,www.kohenoorint.com | alfalfaseeds.org | dairyseed.com,ANUGA_Oriente
110,Laurel Foods,,,,Andrew Waring,Global Sales Director,andrewwaring@laurelfoods.com,61412807500,laurelfoods.com,ANUGA_Oriente
111,M. Mahdavieh Export Co. (M.E.C.) - Dried Fruit Business,Iran,Dried Fruits & Nuts,Raisins (uva passa),Taher Mahdavieh,Managing Director,info@mahdaviehexportco.com | mahdavieh.exportco@gmail.com,"+98 (21) 2202 3762, 63 | Mobile: +98 912 114 89 45",www.mahdaviehexportco.com,ANUGA_Oriente
112,Nakhl Sabz Sobhi Co.,Iran,Nozes | Tâmara,Raisins Iran,Amin Sobhi,Sales Manager,info@Nakhlsabzsobhi.com,Whatsapp: +98 914 307 34 17 | Factory: +98 41 324 66 189 | HQ: +98 41 342 49 253-4 | Fax: +98 41 342 49 255,www.Nakhlsabzsobhi.com,ANUGA_Oriente
113,Nile Garden,,,,,,,,www.Nile-Garden.com,ANUGA_Oriente
114,ALGaras For Spices & Herbs (AL GARAS),Egito,Spices & Herbs,,Noshi Gad Garas,CEO,info@algarasspices.com,Mobile: (+20) 1222 13 6259 | Tel: (+203) 39 39 213 / 14 | Fax: (+203) 39 39 894,www.algarasspices.com,ANUGA_Oriente
115,Palestine Dates Company,Palestina,Dates (Tâmaras),,Jamal Abu Jarrar,General Manager,jaj_jarrar@yahoo.com | info@palestinedates.com,+970 594 884 000 (también WhatsApp),www.palestinedates.com,ANUGA_Oriente
116,Quang Bao Import Export Company Limited,Vietnam,Cashews,,Julia Dzang,,Julia@quangbaoltd.com,+84 88 94 12 001 (Whatsapp),https://quangbaocashew.com/,ANUGA_Oriente
117,"Xinjiang Shangli Hongrun Agricultural Science and Technology Co., Ltd",China,Seeds | Sementes,,Maksim / 白峰,,bf280012455@163.com,Wechat/WhatsApp: +86 18195823475,,ANUGA_Oriente
118,S. A. Silva & Sons Lanka (PVT) LTD. (Silvermill),Sri Lanka,Coco,,Sudhira Anthony,General Manager Marketing,sudhira@silvermillgroup.com,Tel: +94 11 7389375-77 Ext:219 | Fax: +94 11 2677063 | Mobile: +94 71 7881204,www.silvermillgroup.com,ANUGA_Oriente
119,Spectra Company for Export,Egito,Especiarias,,Ahmed Ragab,CEO & Managing Director,Ahmedragab@spectra-eg.co | Aragab.stcco@gmail.com,Mobile/Whatsapp: +20 111 111 7019 | Telephone: +203 38 25 480,www.spectra-eg.co,ANUGA_Oriente
120,"Shandong Sunshine International Trade Co., Ltd. (SunFruit)",China,,,Elaine Xu / 徐晓晨,"Director, International Business Dep.V",xiaochen@ygfood.com,Tel: 0086-536-8583051-8018 / 0086-532-86682966 | Mobile: 0086-18206446893,www.ygfood.com,ANUGA_Oriente
121,Sunny Food (三利食品),,Garlic Fresh Flakes,Garlic Fresh,Kelly Yu / 于洁,Sales Director,kelly@hnsunnyfood.com,+86 18638212399,www.hnsunnyfood.com,ANUGA_Oriente
122,Juan Fra Aceitunas,Espanha,"Azeitonas, Azeite de Oliva","Amendoa, Spain",Adrián Fco. López Soler,,adrianlopez@aceitunasjuanfra.es,653 596 810 | 968 880 678,aceitunasjuanfra.es,ANUGA_Outros
123,"Bernal Alimentación, S.L.",Espanha,"Azeitonas, Azeite de Oliva",,Ana Bernal Verdú,Departamento de Ventas / Sales Department,anabernal@aceitunasbernal.com | info@aceitunasbernal.com,+34 620 240 731 | +34 965 310 987,www.aceitunasbernal.com,ANUGA_Outros
124,Cape Dried Fruit Packers (PTY) LTD (Capedry),South Africa,Dried Fruits & Nuts,Raisins,Martin Reynolds,Marketing Director,martin@capedriedfruit.com,Tel: +27(0)23 614 2682 | Mobile: +27 (0) 76 838 1818,www.capedry.co.za,ANUGA_Outros
125,Productos Churruca S.A.,Espanha,Snacks,,Eduardo Pérez,Commercial Director,eperez@productoschurruca.es | prod.churruca.sa@productoschurruca.es,96 192 00 63 | Fax: 00-34-96 192 08 83,www.productoschurruca.es,ANUGA_Outros
126,Dipasa,Holanda (Países Baixos),Seeds | Sementes,,Bart Pieters,Sales Manager,bart@dipasa.nl,Mobile: +31 6 48438146 | Tel: +31 53 428 33 66,dipasa.nl,ANUGA_Outros
127,Olivellas SA,Grécia,"Azeitonas, Azeite de Oliva",,Efthimis Frantzanas,Export Department,e.frantzanas@olivellas.gr | exports@olivellas.gr,Mobile: +30 6975 874 310 | Tel: +30 23710 52260 / 53260 (ext. 212) | Fax: +30 23710 51635,www.olivellas.gr,ANUGA_Outros
128,Frutos Secos Auro,,,,J. Antonio Sánchez,Director Comercial,antonio@frutossecosauro.com,T: 968 865 407 | M: 608 060 006,www.frutossecosauro.com,ANUGA_Outros
129,GroupDepre / Lenersanpoortman - Feed & Food Ingredients since 1803,Holanda (Países Baixos),Feed & Food Ingredients,,Joost Bakker,Director Trade,joost.bakker@groupdepre.com,T: +31 (0)786 22 06 39 | M: +31 (0)611 49 54 31,www.groupdepre.com,ANUGA_Outros
130,Lofoten Arctic Water,Noruega,"Arctic Water (still water, sparkling water)",,Mats Nevelius,CEO,mats@lofoten-water.com,+47 909 19 965,,ANUGA_Outros
131,Nano Foods Ltd. (miembro del ASTEK Group),Ghana,Enlatados,,Albert Owusu,CEO,albert@nanofoodsltd.com | nanofoods@hotmail.com,+(233) 243 262 954,www.nanofoodsltd.com,ANUGA_Outros
132,Nutland BV,Holanda (Países Baixos),Dried Fruits & Nuts,,Emiel van Arkel,trade,e.vanarkel@nutland.nl | trade@nutland.nl,+31 (0)6 3825 9963 | +31 (0)70 820 97 77,www.nutland.nl,ANUGA_Outros
133,Premium Foods (marca Nuts & Berries),Bélgica,Snacks,,Mustafa Kemal Akpinar,,mustafa.akpinar@premiumfoods.be,M: +32 479 28 02 31 | F: +32 9 296 07 60,www.premiumfoods.be,ANUGA_Outros
134,Pecaninis (The Pecan Brand),,Dried Fruits & Nuts,,Arlette Renteria,Sales Manager,salesone@pecaninis.com,+52 872 182 8708,,ANUGA_Outros
135,RedSun Dried Fruit & Nuts (Pty) Ltd,South Africa,Dried Fruits & Nuts,,Peter Kuilman,Director,peter@redsun.co.za,Tel: +27 (0)54 337 8660 | Mobile: +27 (0)83 283 6744,www.redsun.co.za,ANUGA_Outros
136,Sabor Verde,Holanda (Países Baixos),,,Maurits de Koning,Founder & Sourcing Director,maurits@saborverde.eu,+31 636020739,,ANUGA_Outros
137,Yme Kuiper B.V.,Holanda (Países Baixos),Dried Fruits & Nuts,Raisins all countries Uzbekistan,Henk Kuiper,Commercial director,henk@ymekuiper.nl,Tel: +31(0)513 617 013 | Mobile: +31(0)651 106 139,www.ymekuiper.com,ANUGA_Outros
138,"Berberian Nut Company, LLC",,Dried Fruits & Nuts,,Ken Wagner,Marketing Manager,kawagner@bncnut.com,Office: 530.891.4900 | Cell: 530.815.5041,,ANUGA_USA-CANADA
139,California Prunes,,Prunes,,,,info@californiaprunes.net,,www.californiaprunes.net,ANUGA_USA-CANADA
140,"Crain of California (Crain Walnut Shelling, Inc. / Crain Ranch)",Estados Unidos,Walnuts,,Kyle Williams,Sales Administrator,kwilliams@crainwalnut.com,Ph: +1(530) 529-1585 Ext. 2760 | Mobile: +1(530) 567-5272,www.crainwalnut.com | www.crainranch.com,ANUGA_USA-CANADA
141,"Diamond Foods, LLC",,"Walnuts, Almonds",,Christopher Cromwell,"Senior Director, International Sales",ccromwell@diamondfoods.com,Cell: 1(916) 589-7041 | Office: 1(209) 461-7396,www.diamondnuts.com,ANUGA_USA-CANADA
142,Eximcan Canada (Commodity Traders Since 1992),Canadá,,Canary,Chetan Pitroda,International Business Executive,chetan@eximcan.com,Phone: +1-416-979-7967 | Cell/Whatsapp: +1-438-231-4844 | Fax: +1-416-979-8866,www.eximcan.com,ANUGA_USA-CANADA
143,Galdisa,,Walnuts,,Jose Altamirano,Director Comercial,jose.altamirano@galdisa.com,Tel: (+52) 55 5630 4616 Ext. 1051 | Cel: (+52) 55 3434 8618,galdisa.com,ANUGA_USA-CANADA
144,Northwest Hazelnut Company,Estados Unidos,Hazelnuts,,Aaron McGraw,Sales Director,aaronm@hazelnuts.com,Cell: 971.241.9424 | Sales: 503.982.8030 | Fax: 503.982.8028,www.hazelnuts.com,ANUGA_USA-CANADA
145,Kalshea Commodities Inc,Canadá,Seeds | Sementes,Canary,Kaleigh Hamilton,CEO,kaleigh@kalshea.com,O: 204 808 9284 | C/WhatsApp: +1 204 899 1172,kalshea.com,ANUGA_USA-CANADA
146,"Mariani Family (Premium Dried Fruit, Est. 1906)",Italia,Dried Fruits & Nuts,,Silvio Ermini,"Regional Sales Manager, Southern Europe and Africa",sermini@mariani.com,+39 338 1430172,,ANUGA_USA-CANADA
147,Mem Fairway Inc (Nuts and Dried Fruits Specialist),Estados Unidos,"Acai, Almonds, Apricots, Bananas, Baru Nuts, Blueberries, Brazil Nuts, Cacao, Cashews, Cherries, Chia Seeds, Chickpeas, Cranberries, Coconut, Dates, Figs, Flaxseed, Hazelnuts, Lentils, Macadamias, Mangoes, Oats, Peanuts, Pecans, Pine Nuts, Pineapples, Pistachios, Plums, Prunes, Pumpkin Seeds, Quinoa, Raisins, Rice, Sesame Seeds, Sunflower Seeds, Walnuts, y más",,Jackie Valerio,Trader,jackie@memfairway.com,1 (949) 669-4977,www.memfairway.com,ANUGA_USA-CANADA
148,Mem Fairway Inc (Nuts and Dried Fruits Specialist),Estados Unidos,"Acai, Almonds, Apricots, Bananas, Baru Nuts, Blueberries, Brazil Nuts, Cacao, Cashews, Cherries, Chia Seeds, Chickpeas, Cranberries, Coconut, Dates, Figs, Flaxseed, Hazelnuts, Lentils, Macadamias, Mangoes, Oats, Peanuts, Pecans, Pine Nuts, Pineapples, Pistachios, Plums, Prunes, Pumpkin Seeds, Quinoa, Raisins, Rice, Sesame Seeds, Sunflower Seeds, Walnuts, y más",,Luba Engel,Trade Manager,luba@memfairway.com,1 (323) 859-7096,www.memfairway.com,ANUGA_USA-CANADA
149,Oregon Hazelnuts,Estados Unidos,Hazelnuts,,,,,,www.OregonHazelnuts.org,ANUGA_USA-CANADA
150,Poindexter Nut Company,,,,Mike Poindexter,CEO,mike@poindexternut.com,Office: 559-834-1555 | Fax: 559-834-1759 | Cell/WhatsApp: 559-287-1555,,ANUGA_USA-CANADA
151,RPAC LLC (Almond Grower & Processor),Estados Unidos,"Almendras, Almonds",,Chris Cummings,Global Sales Director,chris@rpacalmonds.com,Cell: +1.916.719.9142 | Office: +1.209.826.0272 | Fax: +1.209.826.3882,www.rpacalmonds.com,ANUGA_USA-CANADA
152,"Select Harvest U.S.A. (Grower, Processor, Shipper of California Almonds)",Estados Unidos,"Almendras, Almonds",,,Sales Department,info@selectharvestusa.com,,www.selectharvestusa.com,ANUGA_USA-CANADA
153,Seneca Foods Corporation,Estados Unidos,Conservas,,Kurt Koestler,Director of International Sales,KKoestler@senecafoods.com,P: +1-651-395-3250 ext. 5 | C: +1-612-214-9259,senecafoods.com,ANUGA_USA-CANADA
154,Summit Premium Tree Nuts,Estados Unidos,Dried Fruits & Nuts,,Alex Lindsey,Sales Manager,alexlindsey@summitalmonds.com,Cell: 1-650-400-9230 | Office: 1-916-988-1081 | Whatsapp: 1-650-400-9230,,ANUGA_USA-CANADA
155,"Valley Pride Ag Co. (Growers, Processors & Supply Chain Managers)",Estados Unidos,"Walnuts, Almonds",,Sunny Toor,CEO,sunny@valleyprideag.org,Office: +1(559) 439-2750 | Mobile/Whatsapp: +1(559) 709-2402,www.VALLEYPRIDEAG.org,ANUGA_USA-CANADA
156,Victoria Pulse Trading Corporation,Canadá,Seeds | Sementes,Canary,Tina Mobayen,,tina@victoriapulse.ca,Office: 604.733.1094,www.victoriapulse.ca,ANUGA_USA-CANADA
157,Willamette Hazelnut,,Hazelnuts,,Rick Peterson,VP of Sales & Marketing,rick@whazelnut.com,971-227-7082,willamettehazelnut.com,ANUGA_USA-CANADA
158,Caseificio Cavola s.c.a. (993.it),Italia,Queijos & Laticínios,,Marco Zamboni,Ufficio Commerciale,export@993.it,+39 349 6690150 | Tel.: +39 0522 806113 (Int. 203),www.993.it,Cheeses
159,"Anacaona & Lonjeff (Masters Distribuitors, Circa 1953)",República Dominicana,,,Dr. Pablo J. Namnum Puigbó,Gerente General,pablonp@anacaona-sa.com,OF: 809 537 5559 | CEL: 809 723 4130 | FAX: 809 537 6521,,Cheeses
160,"Anacaona & Lonjeff (Masters Distribuitors, Circa 1953)",República Dominicana,,,Jeffrey M. Berry,Presidente,jeffmb@anacaona-sa.com,OF: 809 537 5559 | CEL: 809 723 4120 | FAX: 809 537 6521,,Cheeses
161,Alimenco S.R.L.,Italia,,,Francesca Staempfli,Export Department,francesca@alimenco.it,Telephone: +39 081 28 92 28 | Mobile: +39 344 087 1500,www.alimenco.it,Cheeses
162,"Armando Gonçalves & Filhos, S.A. (AGF)",Portugal,Queijos & Laticínios,,Rui Pinto Gonçalves,CIR,rjg@agfco.pt,T: +351 214942220 | M: +351 919132625 | F: +351 214942215,www.armandogoncalves.pt | www.agfco.pt,Cheeses
163,Bodensee Käse AG,Suíça,Queijos & Laticínios,,Marcel Ledergerber,Geschäftsführer,marcel.ledergerber@bodensee-kaese.ch,T: +41 71 911 13 26 | F: +41 71 911 62 49 | M: +41 79 402 59 12,www.bodensee-kaese.ch,Cheeses
164,A/S Cesvaines Piens,Letonia,,,Artis Celmiņš,Head of Export sales,artis@cesvainespiens.lv,Mob.: +371 20099991,,Cheeses
165,Cheeseland Holland BV.,Holanda (Países Baixos),,,Tim Hoppe,International Sales,tim@cheeselandinc.com,p: +31 (0) 348 690440,www.cheeselandinc.com,Cheeses
166,Bières et Fromages de Chimay,Bélgica,Queijos & Laticínios,,Hugues Glatigny,"Export Manager USA – Canada – Amérique du Sud, Business Development Fromages",h.glatigny@chimay.com,Mob.: +32(0)478 963 484 | Tel.: +32 (0)60.21 04 50,www.chimay.com,Cheeses
167,Cooperativa Agricola y Lechera de la Union Ltda. (Colun),Chile,,APAS 25,Sebastián Vargas Vargas,Export Manager,sebastian.vargas@colun.cl,+56 9 9020 3076,www.colun.cl,Cheeses
168,Cremería San José S.A. de C.V.,México,Queijos & Laticínios,,Miguel A. Castillo Gonzalez,,miguel.castillo@cremeriasanjose.com,Tels. 5600.2031 | 5600.2058 | 5694.0652 | 5600.1831,www.cremeriasanjose.com,Cheeses
169,Daily Dairy Holland BV,Holanda (Países Baixos),Queijos & Laticínios,,Eric van Munster,Export Manager,eric@daily-dairy.com,M: +31(0)6-285 522 05 | T: +31(0)88-040 70 00,www.daily-dairy.com,Cheeses
170,Daily Dairy Holland,Holanda (Países Baixos),,,Ruben Visser,,ruben@daily-dairy.com,M: +31(0)6-520 075 39 | T: +31(0)88-040 70 00,www.daily-dairy.com,Cheeses
171,DairyHub by Rokiškio,Lituânia,,,Silvija Stankaitytė,Junior Sales Manager,silvija.stankaityte@rokiskio.com,+370 620 77489,www.dairyhub.lt,Cheeses
172,Dairy Farmers of Wisconsin,Estados Unidos,,,Lisa Ramatowski,"Director, Channel Marketing",lramatowski@wisconsindairy.org,T: 608.203.7249 | M: 608.444.2032,WisconsinCheese.com | WisconsinDairy.org,Cheeses
173,DeJong Cheese,Holanda (Países Baixos),Queijos & Laticínios,,Arjan de Jong,Director,arjan@dejongcheese.nl,Tel: +31 13 5081316 | Fax: +31 13 508 3301 | Mob: +31 6 54337890,www.dejongcheese.nl,Cheeses
174,DOC Cheese (Dutch Original Cheese),Holanda (Países Baixos),,,Aleka Bosma,Export Manager,aleka.bosma@doc-cheese.nl,Tel.: +31 (0)528 28 04 40 | Mob.: +31 (0)6 10 67 06 14,www.doc-cheese.nl,Cheeses
175,DOC Kaas,Holanda (Países Baixos),Queijos & Laticínios,,Tom Groot,Commercial Director,tom.groot@doc-cheese.nl,Phone: +31 (0)35-528 83 99 | Mobile: +31 (0)6 119 283 61,www.dockaas.nl,Cheeses
176,Farming Colonia Suiza,Uruguai,Queijos & Laticínios,SIALBR 25,Ing. Agr. Jean Paul Verdier,Director,jp@farming.com.uy,Tel: +598 2929 0402 (Oficina Comercial) | +598 4554 4590 (Planta Industrial),farming.com.uy,Cheeses
177,Ferrarini SpA / Vismara SpA,Italia,,,Gianluca Gualandri,,g.gualandri@ferrarini.it,Tel. +39 0522 9321 (Ferrarini) | +39 039 59131 (Vismara),www.ferrarini.it | www.vismaraitalia.it,Cheeses
178,FG Corp,Chile,,,Nedielko Simunovic E.,KAM,nsimunovic@fgcorp.cl,+569 9438 1889,www.fgcorp.cl,Cheeses
179,FrieslandCampina Nederland B.V.,Holanda (Países Baixos),,,Tuncay Özgüner,"Managing Director, FrieslandCampina Retail Brands Europe",tuncay.ozguner@frieslandcampina.com,t: +31 (0)33 713 4561 | m: +31 (0)6 1295 2558,www.frieslandcampina.com,Cheeses
180,Fromagerie Milleret,França,Queijos & Laticínios,,Chloé Pasteur,Area Manager,chloe.pasteur@fromagerie-milleret.com,Direct line: +33 (0)3 84 65 73 21 | Mobile: +33 (0)6 86 06 26 06,www.milleretfromager.com,Cheeses
181,Granja Pocha S.A.,Uruguai,Queijos & Laticínios,"Pão de Mel, Doce de Leite",Ruben Del Puerto,Gerente Comercial,rdelpuerto@granjapocha.com,Tel/fax: (598) 4586.3234 | (598) 2208.8482 | Cel: 097 821 007,www.colonial.com.uy,Cheeses
182,Kaasmakerij Henri Willig BV,Holanda (Países Baixos),Queijos & Laticínios,,Eric van Munster,Salesmanager,eric.van.munster@willig.nl,T: +31 (0)513 48 43 64 | M: +31 (0)6 10 353 538,www.henriwillig.nl,Cheeses
183,Kaasmakerij Henri Willig B.V.,Holanda (Países Baixos),Queijos & Laticínios,ANUGA 17,Marije ten Berge-Kramer,Sales Manager,marije.ten.berge@willig.nl,M: +31 (0)6 40 628 433,www.henriwillig.com,Cheeses
184,Intercheese Holland,Holanda (Países Baixos),,Goat | Tartufo,Pieter Bogaard,CCO (Chief Commercial Officer),pieter@intercheeseholland.nl,+31 (0)6 309 54 708 | +31 (0)318 463 494,www.intercheeseholland.nl,Cheeses
185,Interval (Passion for Cheese & Export since 1981),Estados Unidos,Queijos & Laticínios,Trade | Queijos Frances,Sébastien Ladj,East Coast Sales Manager,sebastien@intervalexport.com,T: +1 201 448 8787 | M: +1 917 843 6698,www.intervalexport.com,Cheeses
186,Kaamps Cheese / Landgoed Kaamps,Holanda (Países Baixos),Queijos & Laticínios,,Femke Nijland,,femke@kaamps.nl,Tel. 074-277 57 39 | 0031 (0)6 10 52 79 23,www.kaamps.nl,Cheeses
187,Käse Rebellen (Käserebellen GmbH),Austria,Queijos & Laticínios,,Johannes Bauer,Manager Export Sales / Verkaufsleiter,j.bauer@kaeserebellen.com,Mobil: +43 (0) 664 4272747,www.kaeserebellen.com,Cheeses
188,Lactima Sp. z o.o.,Polônia,,,Piotr Romanowski,Export Manager,promanowski@lactima.pl,tel. +48 89 757 40 65 ext. 25 | mobile: +48 691 45 45 44,www.lactima.com,Cheeses
189,Lactmilk Queijos (Rio Minas Distribuidora de Alimentos Ltda),Brasil,Queijos & Laticínios,,Geraldo Tadeu Rezende,Gerente,lidergrao@ig.com.br,(32) 8877-1000 | (32) 3025-4577,www.lactmilk.com.br,Cheeses
190,AS Limbazu Siers,Letonia,,,Deniss Sadovenko,Chairman of the board,deniss.sadovenko@limbazusiers.eu,+371 29602060,www.limbazusiers.eu,Cheeses
191,Consulado Geral da República da Lituânia em São Paulo,Brasil,,,Laura Guobužaitė,Cônsul Geral da República da Lituânia em São Paulo,laura.guobuzaite@mfa.lt,Tel. (11) 2614-8665 | Fax: (11) 2614-8718,,Cheeses
192,Mammen Cheese A/S,Dinamarca,Queijos & Laticínios,,Jørgen Neupart,Sales Director,jorgen@mammencheese.dk,Mobile +45 3058 0012 | Phone +45 7453 2430,www.mammencheese.dk,Cheeses
193,Margot Fromages SA,Suíça,Queijos & Laticínios,,Margot Anthony,Administrateur,anthony@margotfromages.ch,Tél. +41 24 425 81 52,www.margotfromages.ch,Cheeses
194,"Indulac - Indústrias Lácteas, S.A. (Martins & Rebello, desde 1901)",Portugal,,,Pedro Rebello,Presidente Conselho Administração,p.rebelo@indulac.pt,T: +351 256 482 131/2 | F: +351 256 482 135 | Cel (anotado a mano): +351 917 228 641,www.indulac.pt,Cheeses
195,ME Group,Italia,Queijos & Laticínios,"Bufalo, Parmesan",Elisa Uvarelli,Sales Manager,elisa@megroup.srl,+39 0572 090596,www.megroup.srl,Cheeses
196,Consorzio del Formaggio Parmigiano Reggiano,Italia,Queijos & Laticínios,,Amandine Ferré,Trade Marketing Specialist,amandine.ferre@parmigianoreggiano.it,Tel. +39 0522 700260 | Mob. +39 338 6333567,parmigianoreggiano.com,Cheeses
197,Paysange - Fromagerie Milleret,França,Queijos & Laticínios,,Chloé Pasteur,Chef de Zone,chloe.pasteur@fromagerie-milleret.com,Ligne directe: +33 (0)3 84 65 73 21 | Portable: +33 (0)6 86 06 26 06,www.paysange.com,Cheeses
198,Perenzin Latteria Srl,Italia,,,Kimon Georgiou,Director of Exports,kimon@perenzin.com,mob. +357 99 693668 | Tel./fax +39 0438 21355,www.perenzin.com,Cheeses
199,Queijos Santiago,Portugal,Queijos & Laticínios,,Vera Mota,Export Manager,vera.mota@queijossantiago.pt,M. +351 932 436 463 | T. +351 219 758 710,www.queijossantiago.pt,Cheeses
200,Representations Since 1953,Chile,,,Rafael González V.,"Owner, Agent of Foreign Trade",casanti@gmail.com,Phone/Fax: +56 55 2 222828,,Cheeses
201,Quesos Rocinante (Maestros queseros),Espanha,Queijos & Laticínios,,David G. Rico,Export Area Manager,davidrico@rocinante.es,Tel.: +34 926 266 410 | Directo: +34 687 172 087,www.rocinante.es,Cheeses
202,Salumificio Valpolicella S.p.A.,Italia,,,,Ufficio Commerciale,commerciale@salumificiovalpolicella.it,Ph. +39 045 7702522,,Cheeses
203,San Ignacio,Argentina,,APAS 25,Fernando Rodríguez Morón,Gerente de Comercio Exterior,frodriguezmoron@sanignacio.com.ar,Cel. (+54) 911 3182 4047 | Tel. (+54) 11 6009 4900,www.sanignacio.com.ar,Cheeses
204,Sartori,Estados Unidos,,,Ryan Gillespie,Vice President of Marketing,rgillespie@sartoricheese.com,920.449.7964 office | 608.335.2301 cell,www.sartoricheese.com,Cheeses
205,Savencia Fromage & Dairy Overseas,França,"Ile de France, All Food (anotado a mano)",,Vincent Bochot,Responsable Développement des Ventes / Sales Development Manager,vincent.bochot@savencia-fdo.fr,T +33 1 39 24 99 89 | M +33 6 08 80 85 01,,Cheeses
206,Industria Casearia Silvio Belladelli S.R.L.,Italia,,,Alberto Anversa,,alberto.anversa@belladelli.it,cell. 331 1856398 | Tel. 045.6304786,,Cheeses
207,Industria Casearia Silvio Belladelli S.R.L.,Italia,,,Franchini Pio Luigi,Amministratore Delegato,info@belladelli.it,Tel. 045.6304786 | Fax 045.6333884,,Cheeses
208,Spomlek Dairy Co-operative,Polônia,Queijos & Laticínios,,Katarzyna Bednarczyk,Export Specialist,katarzyna.bednarczyk@spomlek.pl,tel. (+48 83) 35 11 426 | mob. (+48) 514 756 424,www.spomlek.pl,Cheeses
209,swissmooh AG,Suíça,,,Emre Akkaya,Business Development Manager,akkaya@swissmooh.ch,Phone +41 (0)58 220 34 28 | Mobile +41 (0)79 244 96 10,www.swissmooh.ch,Cheeses
210,TINE,Noruega,,,Bente Hammervold,"Head of Marketing and Innovation, TINE SA - New International Growth",bente.hammervold@tine.no,Tel.: +47 75 66 30 80 | Cell.: +47 93 84 61 12,www.tine.com,Cheeses
211,TINE SA,Noruega,Jarlsberg,,Jan-Ole Pedersen,Senior Export Manager Europe,jan-ole.pedersen@tine.no,Mob: +47 480 55 106 | Fax: +47 22 96 72 00,www.tine.no | www.jarlsberg.com,Cheeses
212,TINE International,Noruega,,,Unni Sjøflot,,unni.sjoflot@tine.no,Mob: +47 908 31 431,www.tine.no | www.jarlsberg.com,Cheeses
213,Unilac Holland,Holanda (Países Baixos),Queijos & Laticínios,,Fred Fasting,Export Manager,f.fasting@unilac-holland.com,+31 (0)33 - 476 02 30 | +31 (0)6 - 119 164 46,www.unilac-holland.com,Cheeses
214,Unilac Holland,Holanda (Países Baixos),Queijos & Laticínios,,Tony Alcântara da Silva,Sales Manager,t.alcantara@unilac-holland.com,T +31 (0)33 - 754 83 14,www.unilac-holland.com,Cheeses
215,Uhrenholt Sdn Bhd,Malasia,Snacks,Snacks,Morten Staal Jonassen,"Senior Vice President, Asia",msj@uhrenholt.com,Tel +603 8934 9906 | Dk +45 7734 7478 | Mob +6012 212 2770,uhrenholt.com,Cheeses
216,Valgrana S.p.A. (Sapori di Piemonte),Italia,Queijos & Laticínios,Queijo IT Duro ANUGA 25,Davide Allasia,Sales Department,commerciale@valgrana.com,Telefono +39 0175 272000 | Fax +39 0175 272099,www.valgrana.com,Cheeses
217,Van der Heiden Kaas B.V.,Holanda (Países Baixos),Queijos & Laticínios,,P.M.A. Bogaard,Sales Manager,pbogaard@vanderheidenkaas.nl,M +31 (0)6 35 11 29 20 | T +31 (0)172 64 56 12,www.vanderheidenkaas.nl,Cheeses
218,Vandersterre Holland,Holanda (Países Baixos),Queijos & Laticínios,,Ies Verloop,Commercial Director International,m.verloop@vandersterregroep.nl,T +31 (0)172 606127 | M +31 (0)6 53701450,www.vandersterregroep.com,Cheeses
219,Vandersterre Groep,Holanda (Países Baixos),Queijos & Laticínios,,Bert Klein,CCO,b.klein@vandersterregroep.nl,T +31 (0)172 606110 | M +31 (0)6 53155969,www.vandersterregroep.nl,Cheeses
220,Quesería Vega de Tordín (La Vega de Tordín S.C.),Espanha,Queijos & Laticínios,,José Vicente Cotera,,cotera@vegadetordin.com,674 597 738,www.vegadetordin.com,Cheeses
221,Vega Mancha (Spanish Cheese Makers),Espanha,,,Lorenzo Paloni,Export Manager,lorenzo@vegamancha.com,Mobile: +34 647 338 133,vegamancha.com,Cheeses
222,Quesos Vega Sotuelamos S.L.,Espanha,Queijos & Laticínios,,,,,Office Telephone Number: +34 967550279,vegasotuelamos.com,Cheeses
223,Veldhuyzen Kaas,Holanda (Países Baixos),Queijos & Laticínios,,Jair Ehrhardt,Export manager,jair@veldhuyzenkaas.nl,Phone (+31) 172 - 619226 | Mobile (+31) 6 - 57599710,www.veldhuyzenkaas.nl,Cheeses
224,Veldhuyzen Kaas,Holanda (Países Baixos),,,Pim Veldhuijzen,Area Manager Export,pim@veldhuyzenkaas.nl,T +31 172 619226 | M +31 6 83976652,www.veldhuyzenkaas.nl,Cheeses
225,Th. Vergeer en Zonen B.V. (Vergeer Holland),Holanda (Países Baixos),Queijos & Laticínios,"Embalaje pequeñas, Baby Edam ",G.H.W.P.J. (Gerbert) van der Mierden,Accountmanager Out-of-Home,gerbert.van.der.mierden@vergeerholland.com,M +31 (0)6 55 81 00 43 | T +31 (0)182 39 86 00,www.vergeerholland.com,Cheeses
226,Gebrüder Woerle Ges.m.b.H.,Austria,Queijos & Laticínios,,Leila Barta-Bannour,Export Customer Care / Export Kundenbetreuung,leila@woerle.at,P/T: +43(0)6214/6631-290 | F: +43(0)6214/6631-34,www.woerle.at,Cheeses
227,Wyke Farms,França,Queijos & Laticínios,Somerset Farming cheese (since 1861),Alain Pancelot,Export Manager,alain.pancelot@wykefarms.com,T: 00 33 160660479 | M: 00 33 607233383,wykefarms.com,Cheeses
228,"ILHWA Co., Ltd.",Brasil,,,Henrique Soares de Sá,"Presidente, Representante da ILHWA Brasil",business@ysplatinamerica.org,T +55 19 98118-7821,www.ilhwa.co.kr,Cheeses
229,YSP Business,Brasil,Café | Coffee ,APAS 25,Henrique Soares de Sá,Diretor da YSP Business América do Sul,business@ysplatinamerica.org,T +55 19 98118-7821,www.ysplatinamerica.org,Cheeses
230,"Žemaitijos pienas, SC",Lituânia,,,Edita Liaugaudienė,Liquid and cheese sales manager for industry,e.liaugaudiene@zpienas.lt,T. +370 444 22388 | M. +370 610 11478,www.zpienas.eu,Cheeses
231,"Žemaitijos pienas, AB",Lituânia,Queijos & Laticínios,,Rasa Inčerauskaitė-Pivoriūnienė,Area Export Manager,r.incerauskaite@zpienas.lt,M. +370 616 73256 | F. +370 444 74 897,www.zpienas.lt,Cheeses
232,Agrigenus (Bioagriworld S.r.l.),Italia,,TOM,Francesco Pirolo,Managing director,f.pirolo@agrigenus.com,mobile +39 335 6250309 | tel. +39 081 5202064,agrigenus.com,EUROPA_Alimentaria2024
233,Agroserc S.A. (Prunita),Espanha,Dried Fruits & Nuts,,Jose Antonio Salguero Estevan,,jasalgueroestevan@agroserc.com,T. (+34) 965 822 200,www.prunita.com,EUROPA_Alimentaria2024
234,"Agrucapers, S.A. (Delicias Agrucapers)",Espanha,"Alcaparras, Alho",,José Manuel Pelegrín López,Managing Director / Director General,direccion@agrucapers.es,T: +34 968 410 450 | F: +34 968 493 121,www.agrucapers.es,EUROPA_Alimentaria2024
235,"Agrucapers, S.A. (Delicias Agrucapers)",Espanha,"Alcaparras, Alho","GAPGKS, Garlic, Jose Luis Gonzalez",Jose Luis Gonzalez,,,T: +34 968 410 450 | F: +34 968 493 121,www.agrucapers.es,EUROPA_Alimentaria2024
236,Alimenco S.R.L.,Italia,Tomate,,Francesca Staempfli,Export Department,francesca@alimenco.it,Telephone: +39 081 28 92 28 | Mobile: +39 344 087 1500,www.alimenco.it,EUROPA_Alimentaria2024
237,"Productos Klam S.A. (Almendrina, Vicens)",Espanha,"Almendras, Almonds",,Marc Padrell,Gerent,marc@almendrina.com,T.M. +34 691 626 419,www.almendrina.com,EUROPA_Alimentaria2024
238,Almendrera del Sur (Grupo Almensur),Espanha,"Almendras, Almonds",Amendoas,Loli,Departamento Comercial,comercial@almensur.com,Telf.: +34 952 420 020,www.almensur.com,EUROPA_Alimentaria2024
239,Almondeli (authentic mediterranean almonds),Espanha,"Almendras, Almonds",,Luis Silvestre Falcón,,luis@almondeli.es,Telf. +34 650 44 93 15 / Fax +34 96 686 89 53,www.almondeli.es,EUROPA_Alimentaria2024
240,Berrico FoodCompany bv,Holanda (Países Baixos),"Organic & Conventional Berries (sweetened dried, natural dried, NFC juice, juice concentrate, powders, syrups, puree, IQF/frozen)",,Renno van Dijk,,renno@berricofood.com,Tel.: +31 (0)320 266055 | Fax: +31 (0)320 266050,www.berricofood.com,EUROPA_Alimentaria2024
241,Bromex (World of Perfect Ingredients),Polônia,"Bird food, Dried herbs (anotado a mano)",,Anna Molka,Sales Manager,anna.molka@bromex.com.pl,+48 609 733 311,www.bromex.com.pl,EUROPA_Alimentaria2024
242,"Bromex Poland Wolniakowski, Broniarek Spółka Jawna",Polônia,Groats (anotado a mano),Polonia Graos Frutas,Anna Molka,Marketing and sales manager,anna.molka@bromex.com.pl,Tel. +48 609 733 311,www.bromex.com.pl,EUROPA_Alimentaria2024
243,Bromex,Polônia,,Dried Herbs,Paweł Broniarek,Board Member,pawel.broniarek@bromex.com.pl,+48 604 997 457,www.bromex.com.pl,EUROPA_Alimentaria2024
244,"Bayannaoer City Shengsheng Grain and Oil Co., Ltd",China,Seeds | Sementes,,Sherry,Sales Manager,sherrykong@bynessly.com,TEL:+86 188 4783 2118,www.nmgssly.cn,EUROPA_Alimentaria2024
245,Calconut (supplying a moving world),Espanha,,,Joost Hendriks,Trading Director,sales@calconut.es,Tel.: 00 34 696 879 976,calconut.com,EUROPA_Alimentaria2024
246,La Pasta di Camerino (Entroterra S.p.A.),Italia,Pasta,,Antonio Lupini,,antonio.lupini@pastaentroterra.com,Tel. +39 0737 640498 | Cell. +39 334 1977869,www.lapastadicamerino.it,EUROPA_Alimentaria2024
247,Campelo,Espanha,,,Miguel Ángel Campelo Tenoira,Consejero Delegado,miguelcampelo@campelo.net,+34 639 119 360,www.campelo.net,EUROPA_Alimentaria2024
248,"Baoqing Zhongqing Agricultural & Sideline Products Co., Ltd. (Longdong Zhongqing)",China,Seeds | Sementes,,Carlijn Cools,Sales Manager,carlijn@zhongqingpumpkins.com,Tel: 0086 469 5455868 | Mobile: 0031(0)651311186,www.zhongqingnuts.net,EUROPA_Alimentaria2024
249,"Aceites Albert S.A. (Cas Albert, since 1959)",Espanha,,,Álvaro Morte Ródenas,Export Area Manager,alvaro.m@aceitesalbert.com,(+34) 683 701 009,www.aceitesalbert.com,EUROPA_Alimentaria2024
250,"Casa Morana (Soc. Agr. Ortobarocco srl, Sapori della Tradizione Siciliana)",Italia,,FOM Vidro,Morana Giuseppe,Amministratore Delegato,info@casamorana.it,+39 3394296493,www.casamorana.it,EUROPA_Alimentaria2024
251,"Castrovinci (Industria Ittica Torrenovese Srl, ""Mari d'Amuri"")",Italia,,,Salvatore Castrovinci,Amministratore unico,s.castrovinci@castrovincitalia.com,T. +39 392 2599934 / +39 345 2661234,castrovincitalia.com,EUROPA_Alimentaria2024
252,Consorcio Grupo,Espanha,,,Clara Campa,Key Account Export,ccampa@grupoconsorcio.com,Móvil +34 603 71 65 37 | Tel +34 942 66 00 86,www.grupoconsorcio.com,EUROPA_Alimentaria2024
253,Almendras Cremades (desde 1922),Espanha,"Almendras, Almonds",,Eloy Guillén Ibáñez,,eloy@almendrascremades.com,Telf. +34 674 00 09 49 / +34 968 80 41 11 ext.115,,EUROPA_Alimentaria2024
254,"Fumeiro da Gardunha (Enchidos & Presuntos do Fundão, est. 1982)",Portugal,Embutidos,,Miguel Dias,Export & Sales manager,miguel.dias@dagardunha.pt,+351 934961708,,EUROPA_Alimentaria2024
255,Daily Dairy Holland BV,Holanda (Países Baixos),Queijos & Laticínios,,Michel Okkerman,Director Operations,michel@daily-dairy.com,M: +31(0)6-308 650 57 | T: +31(0)88-040 70 00,www.daily-dairy.com,EUROPA_Alimentaria2024
256,"DAVIA S.p.A. (Gragnano, Industria Conserve Alimentari, since 1984)",Italia,,,Dr. Cosimo D'Ambrosio,Sales Manager,cosimodambrosio@davia.it,+39 392 871 7316 / +39 081 8703739 / +39 081 3915329,www.davia.it,EUROPA_Alimentaria2024
257,D&D (formaggi dall'alta Irpinia / Caseificio DED),Italia,Queijos & Laticínios,,Gianluigi Fodarella,Ufficio commerciale,commerciale@caseificioded.it,(+39) 327 2305431 | (+39) 0827 34840,www.caseificioded.it,EUROPA_Alimentaria2024
258,Deco Industrie S.c.p.a.,Italia,Panettone,Panetone,Luigi Terzi,Export Manager / Responsabile vendite,clienti@decoindustrie.it,Tel. +39 0545 935626 | Fax 0545 935600 | Cell. 335 8131040,www.decoindustrie.it,EUROPA_Alimentaria2024
259,"DJ Semiconservas S.L. (Delgado, desde 1990)",Espanha,Peixes Enlatados,,,,info@djsemiconservas.com,T +34 954 028 037,www.djsemiconservas.com,EUROPA_Alimentaria2024
260,Almendras Donaire,Espanha,"Almendras, Almonds",,,,info@almendrasdonaire.com,+34 958 557 049,almendrasdonaire.com,EUROPA_Alimentaria2024
261,"Anhui Ancheng Bamboo & Wood Tableware Co., Ltd (Eco-Ancheng)",China,Natural Tableware (vajilla natural),Talheres,Aaron Zhang,Sales Supervisor,aaron@anchenggy.com,86-15209859091,www.anchenggy.com,EUROPA_Alimentaria2024
262,Fiasconaro S.r.l.,Italia,,,Margherita Rocco,Area commerciale export,margherita.rocco@fiasconaro.com,Cell. +39 334 1090582 | Tel. 0921.677132,www.fiasconaro.com,EUROPA_Alimentaria2024
263,Azienda Agricola Filippone,Italia,,,Gandolfo Filippone,,info@agricolafilippone.it,T +39 329 9715562,www.agricolafilippone.it,EUROPA_Alimentaria2024
264,Formia (Qualità & Tradizione Italiana),,Tomate,Tomate,,,,,,EUROPA_Alimentaria2024
265,24ICE (Frozen Cocktails),,Frozen Cocktails,,,,,,24ice.com,EUROPA_Alimentaria2024
266,"Gamma-A, LTD (Riga Gold)",Letonia,Peixes Enlatados,,Janis Muiznieks,Sales Representative,janis.muiznieks@gamma-a.lv,Phone: +371 67615142 | Mobile: +371 29137533,www.gamma-a.lv,EUROPA_Alimentaria2024
267,Golden Export,Tunisia,,APAS 25,Abdlkrim Bouguenna,CEO manager,sales@goldenexport.tn,00216 25 45 40 19 | 00216 98 75 73 36,www.goldenexport.tn,EUROPA_Alimentaria2024
268,Guglielmi Saverio S.N.C. (dal 1954),Italia,"Azeitonas, Azeite de Oliva",,Saverio Guglielmi,Managing director,saverio@olioguglielmi.it,tel. +39 (0)883591815 | mob. +39 328 681 9586,www.olioguglielmi.it,EUROPA_Alimentaria2024
269,"Dalian Happy Fortunes Trading Co., Ltd / Dalian Great Fortunes Imp & Exp Co., Ltd",China,Dried Fruits & Nuts,,Helen Wu (吴莉莉),Sales,helen@happyfortunes.com.cn,Tel: 0086-411-82812581 | Mobile/WhatsApp: 0086 18624432819,www.happyfortunes.com.cn,EUROPA_Alimentaria2024
270,"Hispano Italiana de Charcutería, S.L.U.",Espanha,Charcutería,,,,hispano@hispanoitaliana.com,T +34 93 727 77 55 | F +34 93 727 78 40,www.hispanoitaliana.com,EUROPA_Alimentaria2024
271,"Jinxiang Jinxiyuan Food Co., Ltd",China,Desidratados,,Martin (马景品),Sales Manager,martin@jinxiyuanfood.com,Mobile/Wechat/Whatsapp: 0086-13563796806,www.jinxiyuanfood.com,EUROPA_Alimentaria2024
272,"Grupo Josep Llorens i Fills (Josep Llorens, Donde el Jamón nace y se hace)",Espanha,Embutidos,,Josep Ramon Llorens Martínez,Gerent - Director Comercial,josep@josepllorens.com,T +34 972 233 296 | F +34 972 230 184 | +34 608 921 808,www.josepllorens.com,EUROPA_Alimentaria2024
273,Xiamen Kenjo Foods Company Limited / Kenjo Enterprise Company Limited (HK),China,Enlatados,TOM China,Vito Ong,,kenjofoods@hotmail.com / sales@kenjofoods.com,+86 13806099013 (WhatsApp) | (+86) 592 5998503,www.kenjofoods.com,EUROPA_Alimentaria2024
274,Kirlioğlu (Ambassador of Fruitful Nature),Turquia,Dried Fruits & Nuts,,Patricia Arac,Export Assistant,patricia.arac@kirlioglu.com,+90 256 312 68 19 | +90 501 072 80 09,www.kirlioglu.com,EUROPA_Alimentaria2024
275,Kirlioğlu (Ambassador of Fruitful Nature),Turquia,Dried Fruits & Nuts,,Sadettin Topchu,Export Manager,export@kirlioglu.com,+90 256 312 68 19 | +90 553 812 81 29,www.kirlioglu.com,EUROPA_Alimentaria2024
276,Kronos Agro Trade LTD,Bulgaria,Snacks,Girassol,Nikolay Iliev,Sales Manager,n.iliev@kronos.bg,Mob: +359 887 656 560 | Phone: +359 44 616 611,www.kronosagro.bg,EUROPA_Alimentaria2024
277,La Bella San Marzano,Italia,Tomate,,Raffaele Viscardi,Export Manager,info@labellasanmarzano.it,(+39) 0818590526,labellasanmarzano.it,EUROPA_Alimentaria2024
278,Le Comptoir Colonial (L'expert des épices),França,Especiarias,,Charline Belliard,Export manager,export@lecomptoircolonial.com,Mobile: +33 (0)660 662 307 | Tel: 33(0)2 79 02 75 15,www.lecomptoircolonial.com,EUROPA_Alimentaria2024
279,Aware Food Group,Espanha,,Queijo,Marta Burgada,Comercial,marta.burgada@royal-aware.com,M +34 669 88 70 47,,EUROPA_Alimentaria2024
280,Consulaat-Generaal van het Koninkrijk der Nederlanden (Consulado Geral do Reino dos Países Baixos) - Landbouw/Agricultura,Brasil,,,Frederica Heering,Landbouw Assistent / Assistente Agrícola,SAO-LNV@MINBUZA.NL,T +55 11 3811 3313 | M +55 11 98292 1191 | F +55 11 3819 0903,http://saopaulo.nlconsulado.org,EUROPA_Alimentaria2024
281,"Molino F.lli Chiavazza S.p.A. (il Molino Chiavazza, 1955)",Italia,Farinha,Farinha,Decostanzi Marco,,m.decostanzi@molinochiavazza.it,TEL. +39 011 975606,www.molinochiavazza.it,EUROPA_Alimentaria2024
282,"Bernabé Biosca Alimentación, S.A.U. (El Monaguillo, desde 1919)",Espanha,,,Juan Eusebio Mateo Segovia,Director Comercial,juan.mateo@bbiosca.com,Telf: +34 96 563 60 00 | Móvil: +34 649 411 572,www.el-monaguillo.com,EUROPA_Alimentaria2024
283,Nano srl (Diferente),Italia,,,Manuela Zanin,,manuela@nanosrl.it,fax +39 0423 821196,,EUROPA_Alimentaria2024
284,24ICE,,Frozen Cocktails,,Nick van Kampen,Co-Founder,nick@24ice.com,+31 6 17 70 54 54,www.24ice.com,EUROPA_Alimentaria2024
285,Nurer İncir Paz. İth. İhr. San Ve Tic. Ltd. Şti.,Turquia,Dried Fruits & Nuts,"7,25 FOB",Fikret Gençtürk,Export Manager / Pazarlama Müdürü,fikret@nurer.com.tr,+90 532 445 77 43 | +90 256 355 52 52,,EUROPA_Alimentaria2024
286,"OKF Corporation / OKF Beverage Co., Ltd",Korea,Bebidas,SUCOS,Sophie Lee (이소영),Assistant Manager / Oversea Sales Division,export3@okf.kr,Tel 82 2 491 1868 | Mobile 82 10 3958 4346,www.okf.kr,EUROPA_Alimentaria2024
287,AL.OR. s.r.l. Olearia Ortuso s.r.l.,Italia,Tomate,,Marco De Pasquale,Direttore Commerciale,marcodepasquale@ortuso.com,+39 393 8834623,www.ortuso.com,EUROPA_Alimentaria2024
288,"Hohhot Ouji International Co., Ltd",China,,,Hetty Liu (刘慧),General Manager / 总经理,ouji@vip.163.com,Mob: +86 186 0681 7517,www.oujint.com,EUROPA_Alimentaria2024
289,"Pancrazio S.p.A. (Industria Conserve Alimentari, since 1930)",Italia,Enlatados,,Andrea Margaret Lockhart,Export Manager,export@pancrazio.it,+39.335.6064787 | +39 - 089 461 510,www.pancrazio.it,EUROPA_Alimentaria2024
290,Mazza Alimentari S.r.l. (Specialità Alimentari),Italia,,,Mazza G. Paolo,General Manager,info@mazzalimentari.com,Tel. +39 030 969185 | Fax +39 030 9965705,www.mazzalimentari.com,EUROPA_Alimentaria2024
291,Paone Distribuzione S.r.l.,Italia,,,,,info@paone4you.it,+39 0771 061954,www.paone4you.it,EUROPA_Alimentaria2024
292,Industria Alimentare Ferraro S.r.l. (Pasta Monte Grappa),Italia,Pasta,,Lorenzo Ferraro,,lorenzo.ferraro@pastamontegrappa.com,Tel. +39 0424 577117 | Fax +39 0424 577188,www.pastamontegrappa.com,EUROPA_Alimentaria2024
293,"Pesce Azzurro Cefalù S.r.l. (Antica Lavorazione Artigiana, Mari del Sud, Re Filetto)",Italia,Peixes Enlatados,,Francesco Serio,Export/Marketing Manager,francesco.serio@pesceazzurro.it,+39 344 0317226,www.pesceazzurro.it,EUROPA_Alimentaria2024
294,Pooja Dehy-Foods Pvt. Ltd.,India,Desidratados,,Ravi Patel,Export Manager,info@poojafoods.com,+91 9227979440,www.poojafoods.com,EUROPA_Alimentaria2024
295,PortugalFoods (Atlantic Essence),Portugal,Embutidos,Presunto Portugal,Isabel Oliveira,Executive Coordinator | Market Division,isabel.oliveira@portugalfoods.org,Phone: (+351) 913 806 167 | Tlf: (+351) 220 966 021,www.portugalfoods.org,EUROPA_Alimentaria2024
296,"Qingdao Tiancifeng Foods Co., Ltd",China,,,Deja Wang,,sale@tcffood.com / sales@tcffood.com,Tel/WhatsApp/WeChat: +86 18561349232,www.tiancifengfood.com,EUROPA_Alimentaria2024
297,"Frutos Secos Ramon Llop, S.A. (Brokers in nuts)",Espanha,Dried Fruits & Nuts,Alimentaria 2024,Ramon Llop,Presidente,llop@llop.net,Tels. 34 977 326 202 / 34 977 310 364,www.llop.net,EUROPA_Alimentaria2024
298,Red River Foods Inc. / Red River Foods Europe GmbH,Alemanha,,,Miguel Gonzales,Sales Executive,gonzalesm@redriverfoods.com,Mobile +49 0160 9650 9452,http://redriverfoods.net,EUROPA_Alimentaria2024
299,Regional Co. (est. 1921),Espanha,,,Ana Mira,Account Manager Regional Co.,ana@regionalco.es,T +34 96 618 67 37,www.regionalco.es,EUROPA_Alimentaria2024
300,"Rizzoli Emanuelli s.p.a. (Mangiar Bene, dal 1906)",Italia,,,Cinzia Romeo,Export Manager,c.romeo@rizzoliemanuelli.it,ph. +39 0521 211111 | mob: +39 3402732096,www.rizzoliemanuelli.com,EUROPA_Alimentaria2024
301,Sadrym (Maestranza),Espanha,,,Manuela Núñez Pemán,Trade-Marketing,sales@sadrym.com,+34 954 69 00 50 | +34 617 57 75 43,www.sadrym.com,EUROPA_Alimentaria2024
302,"Ningxia Senqi Food Industry Co., Ltd",China,Dried Fruits & Nuts,,Anita (Lee),Sales Director,lee_sales@generalseeds.cn,Cell: 0086-13388058169 | Tel: 0086-951-3812017,www.generalseeds.cn,EUROPA_Alimentaria2024
303,Shabnam Sahra Co,Ucrânia,Dried Fruits & Nuts,Raisins,Abbas Mokhtari,Director,mokhtary7000@gmail.com,Mob: +38 063 972 20 53 | Tel/Fax: +38 044 22 56 368,www.shabnamsahra.com,EUROPA_Alimentaria2024
304,Shabnam Sahra Co (Producing & Exports Raisins),Iran,Dried Fruits & Nuts,Raisins,Alireza Mokhtari,Director,Shabnamsahraco@yahoo.com,Mob: +98 918 151 03 02 | Fax/Tel: +98 851 235 54 40,www.shabnamsahra.com,EUROPA_Alimentaria2024
305,D2 Snacks & Foods (Cruji),Ecuador,Snacks,,Hugo Ojeda Flores,Director General,hugo.ojeda@d2snacks.com,099 9626 741 | (593-2) 3695 238 / 3695 201,www.d2snacks.com,EUROPA_Alimentaria2024
306,"Tostaderos Sol de Alba, S.L. (desde 1978)",Espanha,Snacks,,Christopher Weyburn,Export Area Manager,cweyburn@soldealba.com,Mobile: +34 699 702 737,www.soldealba.com,EUROPA_Alimentaria2024
307,"Tostaderos Sol de Alba, S.L. (desde 1978)",Espanha,Snacks,,Ignacio Olmedo,Export Manager,iolmedo@soldealba.com,Mobile: +34 617 503 289,www.soldealba.com,EUROPA_Alimentaria2024
308,St Dalfour France,França,Geleias | Jam | Mermeladas,,Barbara Llados,Export Manager,barbara@stdalfour.fr,Office: +33 2 54 79 17 07 | Cell: +33 6 42 77 43 93,,EUROPA_Alimentaria2024
309,"Steriltom S.r.l. (Polpa di Pomodoro, Special Pizza)",Italia,Tomate,,Lorenzo Toffolon,Sales Manager,sales@steriltom.com,Tel. +39 0523 789827 | Cell. +39 345 5623403,www.steriltom.com,EUROPA_Alimentaria2024
310,Kerex-Terre Exotique (Civilisations & Gastronomie),França,,,Mathieu Daubert,Export Sales Manager Europe & MEA,m.daubert@terreexotique.fr,+33 (0)2 45 34 09 07 | +33 (0)7 85 53 48 98,www.terreexotique.fr,EUROPA_Alimentaria2024
311,Trevijano (Comida sincera),Espanha,Chili Pepper,,Pablo Cenzano,Export Manager,pablo@trevijano.com,Tfno. +34 948 685 829 | Cell: +34 672 156 425,www.trevijano.com,EUROPA_Alimentaria2024
312,Tural Grup,Georgia,Dried Fruits & Nuts,,Elkhan Guluzade,General Director,export@turalfood.com / elkhan.guluzade@gmail.com,Tel +995 558 77 23 73 | +994 557 04 91 19,www.turalfood.com / www.turalgroup.com,EUROPA_Alimentaria2024
313,Tural Grup,Georgia,Dried Fruits & Nuts,Hazelnuts,Elkhan Guluzade,General Director,export@turalfood.com / elkhan.guluzade@gmail.com,Tel +995 558 77 23 73 | +994 557 04 91 19,www.turalfood.com / www.turalgroup.com,EUROPA_Alimentaria2024
314,UNDA (Highest Quality Canned Fish Making Experts),Letonia,Peixes Enlatados,,Mārtiņš Kubliņš,Sales and Customer Relations Manager,martins@unda.lv,Ph.: +371 63181117 | Mob.: +371 29468671,www.unda.lv,EUROPA_Alimentaria2024
315,Unió Nuts,Espanha,"Almendras, Almonds",Almendras,Mireia Massó,Key Account Manager,mireia.masso@uniocoop.com,M. (+34) 636 886 788 | T. (+34) 977 330 055,www.unio-nuts.coop,EUROPA_Alimentaria2024
316,Salumi Villani S.p.A. (arte di famiglia dal 1886),Italia,Embutidos,,Lorenzo Spada,Direzione Vendite Estero,lorenzo.spada@villanisalumi.it,TEL. +39.059.534411 | CELL. +39.348.0180036,www.villanisalumi.it,EUROPA_Alimentaria2024
317,"Inner Mongolia Zhongxianghuize Commercial Trading Co., Ltd",China,Seeds | Sementes,"Sunflower, Abobora",George,Sales Manager,george8110@163.com,-18847886543,www.zxhzfoodstuff.com,EUROPA_Alimentaria2024
318,Agrofine Alimentos,Brasil,,,Sayed Saleh,Trade,sayed@agrofine.co / Agrofine.trading@gmail.com,+55 11 9844 49758,www.agrofine.co,Nacionais
319,"All Brazilian Imp. Exp. Inc (Cerpa Export, Finest Premium Beer)",Estados Unidos,Cerveja,,Valnei Santos,Importer,valnei@allbrazilian.net,Ph +1 954 523-8134 | Cell +1 954 296-3935,www.allbrazilian.net,Nacionais
320,Alto da Aparecida (Carvalhos - MG),Brasil,,,,Comercial,altodaaparecidamg@gmail.com,(11) 91453-7458,,Nacionais
321,AmendoPRO (Uma marca PROTEICA),Brasil,Dried Fruits & Nuts,,Douglas Gomes de Oliveira Silva,Gerente Nacional de Vendas,douglas@amendopro.com.br,(14) 99615-4906,amendopro.com.br,Nacionais
322,ApexBrasil,Brasil,,,Debora Moreira Feitosa,Coordenação de Relacionamento com Clientes / Customer Relations Division,debora.feitosa@apexbrasil.com.br,Tel: +55 (61) 2027 0559,www.apexbrasil.com.br,Nacionais
323,Banco Sofisa,Brasil,Serviços,,Nelson José Hyppolito,Superintendente Comercial,nhyppolito@sofisa.com.br,Cel: (55 11) 98154 9980,www.sofisa.com.br,Nacionais
324,Estúdios Basement (Produtora Audiovisual e Espaço de Eventos),Brasil,Serviços,,Bruno Zonzini,,estudiosbasement@gmail.com,(11) 94731-2690,www.estudiosbasement.com,Nacionais
325,Beira-Alta (desde 1937),Brasil,,,Marcos Beccarini,,marcos.beccarini@beiraaltabrasil.com,t. +55 11 99330 0208,beiraaltabrasil.com,Nacionais
326,"Box do Santista (Peixes & Frutos do Mar, +40 anos de tradição)",Brasil,Peixes e frutos do mar,,,,,(13) 3261.3858 / 3261.1483 / 7803.0948 ID 129*15600,www.boxdosantista.com.br,Nacionais
327,BrasFlex (Comex & Logística),Brasil,Serviços,,Carol Coelho,,carol.coelho@brasflexbr.com,81-98833-9251 | 81-3204-1544,www.brasflexbr.com,Nacionais
328,BSCompany,Brasil,Serviços,,João Luiz Serpa Braz,,sale@bscompanybrasil.com,+55 21 99346-8145,,Nacionais
329,Capsum Nigrum Ingredientes Ltda.,Brasil,,,M. Fernando B. da Silva,,fernando@capsum.com.br,FONE: (11) 2545-0300,www.capsumnigrum.com.br,Nacionais
330,Carolina Pepice Advogados,Brasil,,,Carolina Pepice Figueiredo,Advogada (OAB/SP 452102),carolinapepice@adv.oabsp.org.br,(11) 989850513,,Nacionais
331,Cione - Companhia Industrial de Óleos do Nordeste (desde 1962),Brasil,Óleos,APAS 25,Lucas Oliveira,Commercial manager,lucas@cione.com.br,+55 85 9699.2323 | +55 85 3311.6825,www.cione.com.br,Nacionais
332,CL Transportes / New Route Transporte e Logística,Brasil,,Vinicius Fortal,Leonardo Seixas,Diretor Comercial,leonardo@cltrans.com.br / diretoria@newroutelogistica.com.br,Cel: 13 97410-6536 | Fixo: 13 3219-6802,cltrans.com.br / newroutelogistica.com.br,Nacionais
333,Competec TV (Serviço Técnico Especializado - LG e Samsung),Brasil,Serviços,,,,,11 4117-4288,www.competectv.com.br,Nacionais
334,Conexa Foods (Agribusiness),Argentina,,,Alexis Bustelo,Sales Director,abustelo@conexafoods.com,Mobile (+54 911) 4042-1176 | Office (+54 11) 4871-7700,www.conexafoods.com,Nacionais
335,COPA Logística Internacional,Brasil,Serviços,,Cesar Augusto Vazquez,Managing Director,vazquez@copalogistica.com.br,Phone: +55 (11) 3805.1070 | Mobile: +55 (11) 99219.7687,www.copalogistica.com.br,Nacionais
336,COPA Logística Internacional,Brasil,Serviços,,Tulio Dias,Sales Executive,tulio.dias@copalogistica.com.br,Phone: +55 (11) 3805.1070 | Mobile: +55 (11) 95091.7374,www.copalogistica.com.br,Nacionais
337,Daniele Banco,Brasil,Serviços,,Lenice Maria Santos Oliveira,,lenice.oliveira@danielebanco.com.br,+55 (11) 3511-1333 | +55 (11) 95071-1770 (anotado a mano: Cel 989848142),danielebanco.com.br,Nacionais
338,Dia % (Marca Própria),Brasil,,,Cristobal Cabrera Filho,Comercio Exterior e Regionais / International Trade Manager,cristobal.cabrera@diagroup.com,Tel: +55-11-3886-8038 | Cel: +55-11-97601-3987,www.diacorporate.com,Nacionais
339,Doutores da Web (Marketing digital),Brasil,,,Daniel Carbajal,Diretor - Franqueado da Doutores da Web,daniel.carbajal.doutoresdaweb@gmail.com,+55 (11) 93800-2155 | +55 (11) 4862-1063,www.doutoresdaweb.com.br,Nacionais
340,Dias de Souza Advogados Associados,Brasil,,,Hugo Funaro,,hugo.funaro@dsa.com.br,Tel.: 55 11 3069.4277,,Nacionais
341,Easter (Vinhos),Brasil,Vinhos,,Henrique Lizot,,henrique@eastervinhos.com.br,11 5531 1182 | 11 99329 6048,www.eastervinhos.com.br,Nacionais
342,Agência 360 VC (Digital - Trade - Eventos),Brasil,,,Eduardo Meireles,Diretor Comercial,eduardo@agencia360vc.com,(11) 96174-7783,www.agencia360vc.com,Nacionais
343,ELO Soluções Logísticas Integradas,Brasil,Serviços,,Ricardo Veiga,Comercial,ricardo.veiga@eloarmazenagem.com.br,47 3065.1251 | (11) 99611.5107,eloarmazenagem.com.br,Nacionais
344,"Empório Frei Caneca (Bebidas do Mundo, Shopping Frei Caneca)",Brasil,Bebidas,,Mario Sergio S. Rodrigues,,mariosep@freicanecashopping.com.br,11 99948.5680 | Fone: 11 3472 2082,www.emporiofreicaneca.com.br,Nacionais
345,Estância Vó Zilda (Sabor do campo em sua mesa),Brasil,Queijos & Laticínios,,Cristhiane e Isaac,Administrador e Gestor Financeiro,,(67) 98456-5363,,Nacionais
346,Farol Capital Investimentos (Agente Autônomo de Investimentos - XP Investimentos),Brasil,,,Marco Zanette,Sócio - Assessor de Investimentos,marco.zanette@farolcapital.com.br,+55 (11) 9 7952-6000,www.farolcapital.com.br,Nacionais
347,Fazenda Generosa (Andrelândia - MG),Brasil,Queijos & Laticínios,,Joaquim / Ricardo,,,(11) 97772-5335 - Joaquim | (32) 99115-8280 - Ricardo,,Nacionais
348,FIAB (Spanish Food and Drink Industry Federation),Espanha,,,Borja Fernández,Internacionalización y Política Comercial,b.fernandez@fiab.es,+34 91 411 72 11 - ext. 3042,fiab.es,Nacionais
349,Flowbar (Naturais),Brasil,Barra Cereal (anotado a mano),,Mateus Fuhr,Comercial,contato@flowbar.com.br,(51) 98118-2866,,Nacionais
350,FTRADE Brasil (Soluções em Comércio Exterior),Brasil,,,Fred Lemos,Gerente Comercial Sul/Sudeste,fred.lemos@ftrade.com.br,WhatsApp 11 9 7570-8683,ftrade.com.br | fortallog.com.br,Nacionais
351,"Incuba Pack (Embalagem Faz Negócio, Serviços de Envase)",Brasil,,,Cesar Saber,,cesar@incubapack.com.br,(11) 98115-5300,incubapack.com.br,Nacionais
352,"Invista (Plataforma Empresas, C6 Bank)",Brasil,,,Eric Behs,,ericb@invistafidc.com.br,Tel +55 11 3058 6300 | Cel +55 11 98650-5215,www.invistafidc.com.br,Nacionais
353,InvistaFIDC,Brasil,,,James Alberto Faria,,jamesf@invistafidc.com.br,Tel 55 11 3058-6300 | Cel 55 11 98175-6686,www.invistafidc.com.br,Nacionais
354,"Jeito de Mato (Queijo Artesanal, desde 2014)",Brasil,Queijos & Laticínios,,Diego Trevizan,,,WhatsApp 17 99702.6383,Instagram @queijariajeitodmato,Nacionais
355,"Jeito de Mato (Queijo Artesanal, desde 2014)",Brasil,Queijos & Laticínios,,Débora Herrero,,,WhatsApp 17 99615.2576,Instagram @queijariajeitodmato,Nacionais
356,KSE (Importação e Distribuição),Brasil,,Ricardo,Kleber Santos,Comercial,kleber@ksebr.com.br,+55 (11) 2539 0275 | +55 (11) 99474 0939,www.ksebr.com.br,Nacionais
357,Lotus,Brasil,,,Gabriele Arruda,,gabriele.arruda@lotus.com.br,T. 11 2385-1016 | C. 11 96553-3735,www.lotus.com.br,Nacionais
358,Lotus,Brasil,,,Simone C. Ferreira,,simone@lotus.com.br,T. 11 2385-1016 | C. 11 96764-2820,www.lotus.com.br,Nacionais
359,Marilan,Brasil,,,Larissa A. Cunha Barriento,Foreign Trade Analyst,larissa.barriento@marilan.com / sales@marilan.com,Ph.: +55 14 2105 6060,www.marilan.com,Nacionais
360,MCM Foods (a global foods company),Chile,,,Ignacio Aguilar,Sales Manager,sales@mcmfoods.com,(+56 9) 9837 5137,www.mcmfoods.com,Nacionais
361,Mulheres de Quarenta,Brasil,,Vanessa Palozzi,Vanessa Palozzi,,mrkt.mulheresdequarenta@gmail.com,11 97214.5524,www.mulheresdequarenta.com.br,Nacionais
362,Marques e Marques (Funilaria e Pintura Automotiva),Brasil,Serviços,,,,,(11) 93756-8428 | (11) 5535-1903 | (11) 5564-9898,www.oficinamarques.com.br,Nacionais
363,"Militão da Canastra - Queijo do Reginaldo (Fazenda Campo Belo, Medeiros - MG)",Brasil,Queijos & Laticínios,,,,militaodacanastra@gmail.com,(37) 98836.1790,,Nacionais
364,Militão da Canastra (Fazenda Campo Belo),Brasil,Queijos & Laticínios,,Reginaldo Miranda,Produtor - Região da Canastra,militaodacanastra@gmail.com,(37) 98836.1790,,Nacionais
365,Mirae Asset (Brasil) CCTVM,Brasil,,,Daniel Han Sol Kim,Sales Analyst | International Trading Desk,daniel.kim@miraeinvest.com.br / mesainternacional@miraeinvest.com.br,T (11) 2789 2171 | M (11) 97553 2155,,Nacionais
366,Multiplica (Crédito & Investimento),Brasil,,,Patricia Vale,,patricia.vale@grupomultiplica.com.br,T (11) 2578-5628 | C (11) 9 8648-2668,www.grupomultiplica.com.br,Nacionais
367,Norma Audi Consultoria Empresarial,Brasil,,,,,norma.audi@uol.com.br,PH: 55 11 99931.5712 | FAX: 55 11 5561.8022,,Nacionais
368,"Norte Sul (Transporte, Armazenagem, Distribuição)",Brasil,,,Jailson de Souza,Consultor de Negócio,jailson@nortesullogistica.com.br,(81) 3092.7878 | Tim 9 9976-8899,www.nortesullogistica.com.br,Nacionais
369,NPZanchetta Cerealista,Brasil,Dried Fruits & Nuts,,Fábio Gomes de Faria Delfino,Vendedor,atendimento@npzanchetta.com.br,WhatsApp 16 99704-0687,www.npzanchetta.com.br,Nacionais
370,Oba Hortifruti (Grupo Fartura de Hortifruti Ltda),Brasil,,,Francisco Homsi,Diretor Comercial / Commercial Director,francisco.homsi@redeoba.com.br,+55 19 99696-4879,www.obahortifruti.com.br,Nacionais
371,E.Andrade International Trade and Business / OBAI Comercio Internacional,Brasil,,,Elias J. Andrade,,eandrade.importexport@gmail.com,WhatsApp (15) 99762-9696,,Nacionais
372,Paladar de Minas,Brasil,,,Geraldo Maciel Jr.,Diretor,diretor@paladardeminas.com.br,32 9 8417-3407,www.paladardeminas.com.br,Nacionais
373,Paladar de Minas,Brasil,,,Glaucienne Lanna Gonçalves Maciel,Diretora,diretora@paladardeminas.com.br,32 9 8409-6554,www.paladardeminas.com.br,Nacionais
374,Grupo Piracanjuba,Brasil,,,Marcos Tateishi,Gerente Comercial,marcos.tateishi@piracanjuba.com.br,Tel.: +55 (62) 3946-8300 | (62) 9 9942-6795,www.grupopiracanjuba.com.br,Nacionais
375,Planefisco (Planejamento e Consultoria),Brasil,,,Diego Lima,,diego@planefisco.com.br,(11) 9 8114-2727 | (11) 5112-9200,,Nacionais
376,Portão de Cambuí,Brasil,,,Mariana Nobrega,Gerente Comercial,comercial@portaodecambui.com.br,WhatsApp 35 99924-7786,portaodecambui.com.br,Nacionais
377,Qualitá Trade,Brasil,,,Adriano Cabral,,qualita@qualitatrade.com,+55 41 8403-2860,www.qualitatrade.com,Nacionais
378,Queijaria Bella Vista,Brasil,Queijos & Laticínios,,,,,WhatsApp 14 99762-1498,Instagram @queijariabellavista,Nacionais
379,Rangel Logística Brasil (Rangel Logistics Solutions),Brasil,,,Alessandra Nogueira,,alessandra.nogueira@rangel.com,M. (+55)(11) 97596 0770 | T. (+55)(11) 2849 7992,www.rangel.com,Nacionais
380,RBR Transporte & Logística,Brasil,,Transp. AFE,Rafael Borlenghi Ruas,,rafael@rbrtransportes.com,WhatsApp 11 99644-3808,www.rbrtransportes.com,Nacionais
381,Reginatto Assessoria Empresarial,Brasil,,,Rubens Reginatto Junior,Diretor,rubens@reginattoassessoria.com.br,11 3467 3742 | 11 98291 6062,www.reginattoassessoria.com.br,Nacionais
382,Associação Ricoy,Brasil,,,Leonardo Alvarez,Comercial,leonardo.alvarez@ricoy.com.br,(11) 9 6080-4411 | (11) 4010-0176,www.ricoy.com.br,Nacionais
383,River Global (Official USDEC Representative in South America),Brasil,Queijos & Laticínios,,Clarice Nagata,"Account Coordinator - Trade & Regulatory Affairs, South America Representative",cnagata@riverglobal.net,Phone: +55 11 2528-5829 | Cell: +55 11 99716-1919,www.riverglobal.net,Nacionais
384,River Global (Your Partner in South America),Brasil,,,Clarice Nagata,Regulatory Affairs,cnagata@riverglobal.net,+55 11 2528-5829,www.riverglobal.net,Nacionais
385,River Global (A full-service trade and marketing consulting company),Brasil,,,Leonardo Silveira,Trade & Marketing,lsilveira@riverglobal.net,t: +55 11 3051-9080 | c: +55 11 99667-6610,www.riverglobal.net,Nacionais
386,Família Rossato (O Sabor da Fazenda - Produto Artesanal),Brasil,Queijos & Laticínios,,,,,15 99789-1835,,Nacionais
387,Rossilho & Advogados Associados,Brasil,Serviços,,Marcos Ribeiro Rossilho,,marcos@rossilho.adv.br,19 99604.6566,www.rossilho.adv.br,Nacionais
388,Rossilho & Advogados Associados,Brasil,,,Lucas M. Freire Rossilho,,lucas@rossilho.adv.br,19 98135.4423,www.rossilho.adv.br,Nacionais
389,R Trade (Food Trader),Brasil,,,Ricardo Leal,,rtrade@terra.com.br,+55 (21) 99809-7709 | +55 (21) 3546-0869,www.rtrade.net.br,Nacionais
390,SaberPack (Sistemas de Embalagem),Brasil,,,Cesar Saber,,cesar@saberpack.com.br,(11) 98115-5300,saberpack.com.br,Nacionais
391,Sartori,Estados Unidos,Queijos & Laticínios,,Ryan Gillespie,Vice President of Marketing,rgillespie@sartoricheese.com,920.449.7964 office | 608.335.2301 cell,www.sartoricheese.com,Nacionais
392,Sartori,Estados Unidos,Queijos & Laticínios,,Sam Allison,Director of Global Sales,sallison@sartoricheese.com,+1.920.449.7937 office | +1.920.207.9912 cell,www.sartoricheese.com,Nacionais
393,Grupo Sifra,Brasil,,,Claudio Sillos,,crsillos@gruposifra.com.br,+55 11 5091-4800 | +55 11 3512-3600 | +55 11 97677-3100,gruposifra.com.br,Nacionais
394,Estância Silvania (SilvaniA2 Laticínios Artesanais - Gir Leiteiro PO),Brasil,Queijos & Laticínios,,Eduardo Falcão de Carvalho,Diretor Presidente,estanciasilvania@gmail.com,WhatsApp +55 12 99713-7144,www.estanciasilvania.com.br,Nacionais
395,Sul Atlântico Transportes (SABRA),Brasil,,,Ana Maria de Araujo,Depto. Comercial,comercial@sulatlantico.com.br,Telefone/WhatsApp (11) 3123-4500,www.sulatlantico.com.br,Nacionais
396,Terra Brasil Doces Premium,Brasil,Doces de banana,,Eduardo Bandeira,Diretor Comercial,eduardo.bandeira@biofun.com.br,(19) 9 9772-3369,www.terrabrasildoces.com.br,Nacionais
397,TOTVS,Brasil,Serviços,,Jéssica Toledo,Executiva de Soluções de Negócios,jessica.toledo@totvs.com.br,+55 11 99564 4965,,Nacionais
398,Transitex Italia S.R.L. (Yilport Holding Inc.),Italia,,,Federica Sanfilippo,,federica.sanfilippo@transitex.it,Tel. +39 010 24 61 127 | Telm. +39 392 99 57 938,www.transitex.com,Nacionais
399,Transitex do Brasil Serv. Logística Ltda (Yilport Holding Inc.),Brasil,,,Ricardo Baraldi,,ricardo@transitex.com.br,Tel.: +55 11 3262-1815 | Cel.: +55 11 94000-9488,www.transitex.com,Nacionais
400,U.S. Dairy Export Council (River Global),Brasil,Queijos & Laticínios,,Carolina Nascimento,"Associate Partner, South America Representative",cnascimento@riverglobal.net,Phone: +55 11 3051-9080 | Cell: +55 11 97618-0831,www.usdec.org,Nacionais
401,Usibras (Dunorte),Brasil,Cashews,,Miguel Coutinho,Coord. Comercial,miguel.coutinho@dunorte.com,+55 (85) 4006.8900 | WhatsApp +55 (11) 94547.3268,www.usibras.com,Nacionais
402,"A.C.S.T. Chemical (Kunshan) Co., Ltd / A.C.S.T. Plywood (Kunshan) Co., Ltd / Xinjiang A.C.S.T. Food Company Co., Ltd",China,,Alho,Eddy Yueh,President,int@acstfood.com,Tel: 86-512-57428812 | Fax: 86-512-57422742 | Mob: 86-13801951840,,Oriente
403,AFRO Premium Dates,Egito,Dates (Tâmaras),Parmesão,Mahmoud Taha,Agricultural Sector Manager,dates@afro-group.com,Mobile: (+20) 110 110 9330 | Whatsapp: (+20) 10000 34859,www.afro-group.com,Oriente
404,Agrikim Import & Export JSC (Viet Nam Spices),Vietnam,Spices,Coco,Marian Pham Hoang Ngan,Sales Director,marian@agrikim.com,+84 966 55 66 22,www.agrikim.com,Oriente
405,Agrim Pte Ltd,Singapore,,DC Casi,Anoop Khandelwal,,agrim@agrimltd.com,t: +65 6638 8646 | m: +65 9009 5853,www.agrimltd.com,Oriente
406,Agro-TL (Agro Trade Lubny),Ucrânia,Dried Fruits & Nuts,,,,info@agrotl.com,+38 (066) 956-18-55 | +38 (066) 913-18-18 | +38 (067) 869-52-47,www.agrotl.com,Oriente
407,AHT (Since 1963) - Queen's Diamond / Majestic Life Dried Fruit & Nuts,Iran,Dried Fruits & Nuts,,Mohammad Amin,Managing Director,info@sahravi.com / info@AHT.ir,Tel: (+98 21) 2621 7163 | Fax: (+98 21) 2621 7162 | Mobile: (+98) 912 111 2867,www.sahravi.com | www.AHT.ir,Oriente
408,Anhui Tea Imp. & Exp. Company Ltd / Linquan Junjie Air-Dried Vegetables Co. Ltd,China,Dried Fruits & Nuts,G Flaky,Yu Da Ling,Vice General Manager,andywzq@hotmail.com / ydl@ahtea.com,Tel: (0551)2651530(0)2619893(H) | Mobile: 13905698906 | Fax: (0551)2654664 2654110,www.ahcy.co.com,Oriente
409,Licioso by Al Awael (Since 1992),Egito,"Azeitonas, Azeite de Oliva",,Laila El Saedy,Managing Director,info@al-awael.com,Phone: (+202) 23787797 | Fax: (+202) 23787796 | Mob: (+202) 0100 688 5404,,Oriente
410,Adamjee Lukmanjee & Sons (Pvt) Ltd,Sri Lanka,,,Hashini Kalansuriyaarachchi,Regional Manager - International Trading,trading@adamjeelukmanjee.com,Phone: +94-11-2445421 | Fax: +94-11-2445426 | Mobile: +94 773-633249,www.adamjeelukmanjee.com,Oriente
411,Adamjee Lukmanjee & Sons (Pvt) Ltd,Sri Lanka,,,Murtaza A. Lukmanjee,,adamjee@adamjeelukmanjee.com,Direct: +94-11-2448537 | Gen: +94-11-2445421 Ext-201 | Fax: +94-11-2445426,www.adamjeelukmanjee.com,Oriente
412,Amar International,India,,,Bhavik V. Visaria,,amarintl@vsnl.com,Office: (91-22) 2410 5800/01/02 | Fax: (91-22) 2410 5804,www.amarintl.net,Oriente
413,Anigozi (Georgian Walnuts - Walnut Processing Factory),Georgia,Walnuts,,Anna Kevkhishvili,CEO,ana@anigozi.com,+995 322 88 80 88 | +995 592 70 00 10,www.anigozi.com,Oriente
414,Arı Susam San. ve Tic. A.Ş. (Committed to sesame seeds),Turquia,Seeds | Sementes,Oregano,A. Hakan Özsoy,,hakan@arisusam.com,Tel: +90 (232) 441 69 64 | Fax: +90 (232) 489 94 55 | Mobile: +90 (532) 287 99 47,www.arisusam.com,Oriente
415,Arı Susam San. ve Tic. A.Ş. (Committed to sesame seeds),Turquia,Seeds | Sementes,Oregano,Begüm Özsoy,,begum@arisusam.com,Tel: +90 (232) 441 69 64 | Fax: +90 (232) 489 94 55 | Mobile: +90 (533) 559 02 03,www.arisusam.com,Oriente
416,Artexport Vietnam (Handicraft and Art Articles Export-Import Corporation),Vietnam,Cassia,,Hoang Xuan Tran,Vice manager of agricultural products,thomas@artexport.com.vn / tranartexport@gmail.com,Tel: (84-24) 38 256 456 | Fax: (84-24) 38 259 275 | Mobile: 84-(0) 903 448 792,www.artexport.com.vn,Oriente
417,Artexport Vietnam (Handicraft and Art Articles Export-Import Corporation),Vietnam,,,Julia Do,Director of business development,yendth@artexport.com.vn,Tel: (84-24) 38 266 579 | Fax: (84-24) 38 259 275 | Mobile/Viber/WhatsApp: +84 988766815,www.artexport.com.vn,Oriente
418,"Artis Commodities DMCC (Agro Commodities, Fresh Fruits & Vegetables, Food & Beverages)",Emiratos Árabes Unidos (EAU),Especiarias,Spices,Pranav Mehta,Director,pranav@artiscommodities.com / trade@artiscommodities.com,Mobile: +971-50-1196514 | Tel: +971-4-3998541/42 | Fax: +971-4-3998540,www.artiscommodities.com,Oriente
419,A.S. Agri (Exporters of Agri Products),Sri Lanka,,DC,Dr. A.S. Sabaratnam,Managing Director,saba@asagriexports.lk,+9477 32 90 419 | +9432 46 50 202,www.asagriexports.lk,Oriente
420,Global Green International NV (Avantha Group Company - Global Green Group),Bélgica,Conservas,Conservas India,Yolanda Garduno,General Manager - Sales (Southern Europe),yolanda.garduno@globalgreengroup.com,T: +32 53 76 78 25 | F: +32 53 78 45 70 | M: +33 608 696 133,www.globalgreengroup.com,Oriente
421,"Beijing Reputation Foreign Trade and Development Co., Ltd",China,,,Mary Chen (陈杰),General Manager,bj-reputation@163.com,Tel: 0086 10 84845809 | Fax: 0086 10 84848621 | Mobile: 18612560083,www.bjreputation.com,Oriente
422,Bến Tre Import Export Joint Stock Corporation (Betrimex),Vietnam,,,Phạm Thị Kiều Khuyến,Trưởng phòng kinh doanh / Sales Manager,khuyenptk@betrimex.com.vn / kieukhuyen303@yahoo.com.vn,ĐT: 075.3822509 / 3822287 Ext: 4011 | Fax: 075.3829706,www.betrimex.com.vn,Oriente
423,Betrimex (Ben Tre Import Export Joint Stock Corporation - World's best choice in coconut),Vietnam,Coco,,Duong Doan (Dee),Marketing Manager,duongdva@betrimex.com.vn,(+84) 369 649 191,betrimex.com.vn,Oriente
424,Birlik Baharat San. Tic. Ltd. Şti.,Turquia,,,Merita Dunisa,İthalat - İhracat Müdürü / Export - Import Manager,info@birlikbaharat.com.tr,Tel: 0232 457 12 91 - 458 96 56 - 457 34 59 | Faks: 0232 459 76 39,www.birlikbaharat.com,Oriente
425,"Campo El Jon, S. de P.R. de R.L. (Tutuli Farms - Fresh Medjool Dates)",México,Dates (Tâmaras),,Jesús Baldomero Cañedo A.,,E.campoeljon@gmail.com,O. +52(686) 580-2695 | C. +52(686) 270-0827,www.campoeljon.com,Oriente
426,Çancılar Tic. Ltd. Şti. (Turkish Sultanas),Turquia,,,Kıvanç Akkoyun,Export Manager,kivanc@cancilarfood.com,t: +90 (236) 768 18 18 | f: +90 (236) 768 18 18 / Ext:114 | m: +90 (536) 659 12 12,www.cancilarfood.com,Oriente
427,Çancılar Tic. Ltd. Şti. (Turkish Sultanas),Turquia,,,Hüseyin Teker,Chairman / Yönetim Kurulu Başkanı,huseyin@cancilarfood.com,t: +90 (236) 768 18 18 | f: +90 (236) 768 18 18 / Ext:114 | m: +90 (532) 436 35 14,www.cancilarfood.com,Oriente
428,Celebes Coconut Corp.,Filipinas,Coco,Agua Coco,Janis Ong Yiu,Vice President,janis.ongyiu@celebes.com,Tel: +63 85 342-7777 | Fax: +63 85 342-8888,,Oriente
429,"Century Pacific Agricultural Ventures Inc. (Aqua Coco, Coco Daily Organic, Century)",Filipinas,Desiccated Coconut,,Sabrina A. Gloria,Sales Section Manager,saguado@centurypacific.com.ph,Mobile: +63917-571-4690,https://cpavi.com.ph,Oriente
430,China Food Ingredients GmbH i.G.,Alemanha,Dried Fruits & Nuts,G Flakes,Thomas Flater,Sales Manager,t.flater@cfi-gmbh.eu,p: +49.4121.262 23-0 | f: +49.4121.262 23-29 | m: +49.171.682 34 69,www.cfi-gmbh.eu,Oriente
431,"Yancheng Dadi Foods Co., Ltd (Dadi Foods Ingredients)",China,Dried Fruits & Nuts,"G Flakes | Vegetales y frutas air dried y freeze dried (espárrago, manzana, brócoli, pimiento, zanahoria, cebollín, repollo, apio, chile, cilantro, ajo, jengibre, ejote, rábano picante, puerro, champiñón, cebolla, calabaza, pimentón, papa, guisante, espinaca, tomate, maíz)",Gu Xiaoqin,Vice General Manager,gxqdadi@vip.163.com,Tel: 0086-515-86025011 / 86025277 | Fax: 0086-515-88366693 | M.P: 0086-13813438388,www.yanchengdadi.com,Oriente
432,Dakahlia Agricultural Development Co.,Egito,,Passa,Gehad Gamal,Senior Account Sales Manager,gehad.gamal@dakahlia.com,Tel: +20 2 23054802 | Fax: +20 2 24198371 | Mobile: +2 01002105907,www.dakahliaproduce.com,Oriente
433,"Dalian Global Link Trading Co., Ltd",China,Mushrooms | Cogumelos | Hongos,Mushrooms,Cao Guozhen (曹国珍),,dlglt200@126.com,Tel: +86 411 85811167 / 85811197 | Fax: +86 411 85811200 | Mobile: +86 181 04081830,http://globallinkmushroom.en.alibaba.com,Oriente
434,"Wuzhou Hengsheng Trading Co., Ltd (Danielmok)",China,Especiarias,Spices,莫志浩 (Daniel Mok),General Manager,ty2199@gmail.com,Tel: 0086-774-2833008 | Fax: 0086-774-3836662 | Mobile: 0086-18607747812 / 0086-13977496326,http://hsspice.en.alibaba.com,Oriente
435,Daşkan Tarım ve Plastik Ürünleri San. ve Tic. A.Ş.,Turquia,,Passa,Döne Daşkan,Sales & Export Manager,daskan@daskantarim.com.tr,+90 236 345 17 86 ext:115 | +90 531 378 65 02 | +90 236 345 17 86,www.daskantarim.com.tr,Oriente
436,Defne Dış Ticaret ve Tarım Ürünleri A.Ş. (Defne Spices),Turquia,Especiarias,,Nurettin Tarakçıoğlu,,defne@defnespices.com,GSM: +90 (533) 631 11 86 / +90 (533) 920 85 33 | Tel: +90 (232) 877 22 70/71 | Fax: +90 (232) 877 22 72,www.defnespices.com,Oriente
437,PT. Sari Segar Husada (Member of Sungai Budi Group - Delcoco),Indonesia,,DC,Paulus Wijaya Purwanto,Marketing Export,paulus.purwanto@sarisegarhusada.com,p: +62 21 521 3383 | m: +62 821 1158 4521,www.delcoco.co.id,Oriente
438,Grupa Diaspolis Sp. z o.o.,Polônia,,,Damian Wojtania,Foreign Trade Manager,d.wojtania@diaspolis.pl,Mob: +48 570 728 007,diaspolis.pl,Oriente
439,"Qingdao Dequan Food Co., Ltd",China,Walnuts,,Edward Pan (潘琛),Vice President,edwardpan@dq-food.com,Tel: +86-532-88222166 | Fax: +86-532-88222167 | Mobile: +86-18661683683,www.dq-food.com,Oriente
440,"DSY (Linyi Deshengyuan Foodstuffs Co., Ltd / Yantai Deshengyuan International Trade Co., Ltd)",China,Desidratados,Desidratado,Betty Qi,Assistant,export@dsy-china.com,Tel: +86 535 6217751 | Cell: +86 15589618570 | Fax: +86 535 6614055,www.dsy-china.com,Oriente
441,"DSY (Linyi Deshengyuan Foodstuffs Co., Ltd / Yantai Deshengyuan International Trade Co., Ltd)",China,Desidratados,G Flakes Fresh,Sophia Liu,Sales Manager,sophialiu@dsy-china.com,Tel: 0086-535-6217751 | Fax: 0086-535-6614055 | Mobile: 0086-13964595632,www.dsy-china.com,Oriente
442,Egyptian Embassy - Economic and Commercial Office in São Paulo,Egito,,,Mohamed Elkhatib,Commercial Consul / Head of the Commercial Office,saopaulo@ecs.gov.eg / emb.egito@terra.com.br,Phone: +55 11 3284-8184 / 3287-7055 | Fax: +55 11 3283-5187,www.ecs.gov.eg,Oriente
443,Ellen & Company 2015 (Hazelnut Production),Georgia,Hazelnuts,,Elene Gvatua,Sales & Marketing Manager,elene_gvatua@hotmail.com,+995 574 455 554 | +995 599 782623,ellenandcompanynuts.com,Oriente
444,"Entegre Gıda San. A.Ş. (Food Industry since 1990 - Dried Fruits, Nuts & Kernels, Dried Apricots)",Turquia,Dried Fruits & Nuts,,Mete Gümüştekin,Export Director,entegre@tnn.net,Tel: +90 422 381 01 31 | Fax: +90 422 381 01 34 | Gsm: +90 532 506 93 13,www.entegre.com,Oriente
445,"Fehmi Eroğlu Dış Ticaret Anonim Şirketi (Eroğlu Foods - Dried Fruits, Fresh Fruits, Frozen Fruits, Nuts)",Turquia,Dried Fruits & Nuts,,Fatih Eroğlu,Export Manager,sales@eroglufoods.com,+90 530 114 10 44,www.eroglufoods.com,Oriente
446,Ertürk Food Industries Limited (Gold Crest Brand),Turquia,,,Paula Windus,Verkaufs- und Marketingleiterin,sales@erturk.com,Phone: +90 236 266 43 00 (Pbx) | Fax: +90 236 266 43 03 | Mobile: +90 532 472 26 50,www.erturk.com,Oriente
447,"Xuzhou Liming Food Co.,Ltd / Jiangsu Dongfang Liming International Trade Co.,Ltd (E-Sunrise Group)",China,,G Flakes Fresh,Linda Zhou (周莹),Sales Specialist,linda@limingro.com,Tel: 0086-516-83903929-813 | Fax: 0086-516-83903222 | Mobile: 13952187771,www.dflmgro.com,Oriente
448,"Fruit Land Co (Sky Olivey, Oro brand)",Egito,,,Mohamed Eissa,Chairman,m.riyad@fruitland-eg.com,Mobile: (+2) 010 000 574 72 / (+2) 012 744 425 72,www.fruitland-eg.com,Oriente
449,Fruit Land Co (Sky Olivey),Egito,"Azeitonas, Azeite de Oliva",Azeitonas,Mohamed Eissa,Chairman,m.riyad@fruitland-eg.com,Tel: +2 010 000 574 72 / +2 012 744 425 72,www.fruitland-eg.com,Oriente
450,"Qingdao Fuxinkang Food Co., Ltd.",China,,,Echo Guo (郭欣悦),Sales Manager,echo@chilipaprika.com,Tel: +86 132 1002 4320,www.chilipaprika.com,Oriente
451,"Qingdao Fuxinkang Food Co., Ltd.",China,,,Tina (郝文敬),Sales Manager,Tina@chilipaprika.com,Tel: +86 185 6373 6707,www.chilipaprika.com,Oriente
452,"GE1 - Generalexim., JSC (Công Ty CP XNK Tổng Hợp I Việt Nam)",Vietnam,Cassia,,Ta Quoc Su (Tạ Quốc Sự),Director of Ho Chi Minh City Branch,sutq@ge1.com.vn,Mobile: (+84) 905 636 567,www.ge1.com.vn,Oriente
453,Geo Organic,Georgia,Prunes,,Levan Gakheladze,Deputy Director,info@geoorganic.ge,555 405 605 | 591 536 699,geoorganic.ge,Oriente
454,"Green Farm Import & Export (Dalian) Co., Ltd.",China,"Pumpkin seed inshell, pumpkin kernel (anotado a mano: 'PUMPKIN')",,Cherry Liu (刘春莹),Manager,cherry90@hotmail.com,Mob/Viber/WhatsApp: +86 13898633817 | Tel: +86 411 82779887 | Fax: +86 411 82779387,www.goodpumpkin.com,Oriente
455,GPR Food Sdn. Bhd. (Global Premium Resources),Malasia,Cookies | Cakes,,W. K. Leong (梁和颉),,leong@gprfood.com,+6016-7727 098,www.gprfood.com,Oriente
456,Grappa Food Inc,Turquia,Sultanas (anotado a mano),,Hakkı Gürbüz,Export Manager,hakki@grappafoods.com,Phone: +90 236 716 30 00 (Pbx) | Fax: +90 236 716 37 65 (Pbx) | Mobil: +90 533 313 84 64,www.grappafoods.com,Oriente
457,Grappa Food Inc (Salihli),Turquia,Dried Fruits & Nuts,,Hakkı Gürbüz,Export Manager,hakki@grappafoods.com,Phone: +90 236 716 30 00 (Pbx) | Fax: +90 236 716 37 65 (Pbx) | Mobil: +90 533 313 84 64,www.grappafoods.com,Oriente
458,Green Oases for Trading & Agriculture (الواحات الخضراء),Egito,,,Ahmed Ibrahim (أحمد إبراهيم),General Manager,ahmed.ibrahim@greenoases.com,+2 0100 421 6117,www.greenoases.com,Oriente
459,Green Oases for Trading & Agriculture (الواحات الخضراء),Egito,,,Ayman Mady (أيمن مادي),Sales Manager,ayman.mady@greenoases.com,+55 49 99918 5010,www.greenoases.com,Oriente
460,"Agrogentra & Co., Ltd. Xiamen (厦門潤榮貿易有限公司)",China,Peixes Enlatados,,Charles Cai (蔡兵),General Manager,charles.cai@agrogentra.com,Tel: +86-592-5393128 / 5393123 / 5393126 | Fax: +86-592-2291213 | Mobile: +86-13906031045,www.agrogentra.com,Oriente
461,Grover Sons (Think Sesame... Think Grover),India,Seeds | Sementes,,Manoj M. Grover,,bhavan@bom3.vsnl.net.in,Tel: +91 22 2604 1118/19/20 | Fax: +91 22 2604 1101 / 2342 0638,www.groversons.com,Oriente
462,G. S. Exports,India,,,Khushwant Jain,Managing Director,khush@gsexports.net / khushwantj@hotmail.com,M: +91 98202 16980 | Tel: +91 22 27689211 Extn. 102,www.gsexports.net,Oriente
463,G. S. Exports,India,,,Dhruv Jain,,dhruv@gsexports.net / jaindhruv37@yahoo.com,M: +91 96993 23867 | Tel: +91 22 27689211 | Fax: +91 22 27682393,www.gsexports.net,Oriente
464,PT Global Vision Impex (GVI),Indonesia,,,Sanwar Agarwal,Marketing Manager,sanwar@gvi.co.id,Phone: (62-21) 461 4080 | Fax: (62-21) 460 2884 | Mobile: (62) 815 1685 496,www.gvi.co.id,Oriente
465,PT Global Vision Impex (GVI),Indonesia,,,Sidharth Tekriwal,Director,sidharth@gvi.co.id / s_tekriwal@hotmail.com,Phone: (62-21) 461 4080 | Fax: (62-21) 460 2884 | Mobile: (62) 812 943 8042,www.gvi.co.id,Oriente
466,Hanfimex Group,Vietnam,Especiarias,"Pepper, cassia, cashew, herbs, coffee, rice, coconut",Phung Sam,Chairman,export@hanfimex.com,+84 983 766 566 (Whatsapp/Viber) | Tel: +84 24 3540 2610,www.hanfimex.com | www.hanfimexretail.vn,Oriente
467,"Pizhou Hengfengbao Food Co., Ltd (邳州恒豐寶食品有限公司)",China,,Alho Fresco,Chloe Chen (陈艳),Sales,garlic02@hfbfood.com,M: 0086 15852471016 | Tel(Fax): 0086 516 86515799,www.hfbfood.com,Oriente
468,International Commodity Traders (Pvt) Ltd. / Silvermill Holdings Ltd.,Sri Lanka,Cassia,Cassia - Ind,Nanda B. Kohona,Director / D.G.M. Marketing,nanda@ictlk.com,"Tel: (+94) 11 2677064, 2677073 | Direct: (+94) 11 7389384/85/86 | Fax: (+94) 11 2677063 | Mobile: (+94) 718 681602",www.silvermillgroup.com,Oriente
469,Indagro,Egito,"Azeitonas, Azeite de Oliva",,Marwa Farid,Commercial Director,marwa.farid@indagroegypt.com,Tel: +20122 211 2412,www.indagroegypt.com,Oriente
470,InterOliva,Grécia,"Azeitonas, Azeite de Oliva",Azeitonas,Prokopis Konstantopoulos,Export Manager,info@interoliva.gr / manager@interoliva.gr,Phone: +30 23510 37747 | Fax: +30 23510 35870,www.interoliva.gr,Oriente
471,Aychin Tejarat Aras Co. (Import.Export.Nuts),Iran,Dried Fruits & Nuts,,Marzieh Khani,Sales & Export Manager,khani@irannut.com,Tel: +98 902 921 6685,www.aychinco.com,Oriente
472,Januz Universal,India,,,Dharmil D Thacker,,januz@januzuniversal.in,Tel: (022) 25205488 | Fax: (022) 25215488 | Mobile: +91 9820617017,www.januzuniversal.in,Oriente
473,JKH Herbs & Spices Pvt. Ltd. (jkh exports),India,Especiarias,"Spice and seasoning ingredients, instant snacks & confectionery ingredients, diet supplements, porridge & bird feed ingredients, herbal natural ingredients, herbal tea ingredients, natural herbal extracts & its ingredients",Sahil Goel,Managing Partner,jkhanil1@jkhexports.com / jkhsahil1@jkhexports.com,Handphone: +91 98200 62233 | Tel: +91-22-27842239 / +91-22-27842233 | Fax: +91-22-27832935,www.jkhherbs.com | www.jkhspices.com | www.jkhexports.com,Oriente
474,Jairamdass Khushiram Impex Pvt. Ltd. (jkh exports),India,,,Sahil Goel,Managing Partner,jkhanil1@jkhexports.com / jkhsahil1@jkhexports.com / jkhpharm@jkhexports.com,Handphone: +91 98200 62233 | Tel: +91-22-27842239/27842233/27832935,www.jkhexports.com | www.jkhherbs.com | www.jkiherbs.com,Oriente
475,JV Nuts Group,Estados Unidos,Dried Fruits & Nuts,,Jorick Voorzee,CEO,jorick@mextf.com,Office: +1 (915) 9969672 | Cel: +52 (1) 33 11681428,www.jvnuts.com,Oriente
476,Kanat Zirai Ürünler Sanayi ve Ticaret A.Ş.,Turquia,Apricots,Apricots (anotado a mano),Nevzat Kanat,Vice President / Yönetim Kurulu Başkan Yardımcısı,nevzat@kanat-tr.com,Phone: +90 422 841 49 00 | Fax: +90 422 841 49 09 | Mobile: +90 532 322 11 44,www.driedapricots.com | www.apricotkernels.com,Oriente
477,Kanu Krishna Corporation (Govt. Recognised Star Export House),India,,,Deepak K. Parikh,Partner,kkcdipak@vsnl.com,Tel: +91-22 4023 7676-82 | +91-22 2342 7676 / +91-22 2340 0290 | Fax: +91-22-2340 1676 | Mobile: +91-98210 31991,www.kkcspices.com,Oriente
478,Kanu Krishna Corporation (Govt. Recognised Star Export House),India,,,Yash M. Parikh,Manager (Export),kkcdipak@vsnl.com,Tel: +91-22 4023 7676-82 | +91-22 2342 7676 / +91-22 2340 0290 | Fax: +91-22-2340 1676 | Mobile: +91-98203 50630,www.kkcspices.com,Oriente
479,"Shandong Kingland Co., Ltd",China,,Sultana,Peter Wu (武强),Sales Manager,export@sdkingland.com,Mobile: 0086 13953203689 | Tel: 0086 0532 66888100 | Fax: 0086 0532 80770234,www.sdkingland.com,Oriente
480,Legumex Walker (Tianjin) International Trading Ltd.,China,Beans | Feijões,,Echo Tse (谢少强),General Manager,echo@legumexwalker.cn,Mobile: +852 9023 4011 / +86 150 1251 7177 | Tel: +86 (0) 22 6529 9911 | Fax: +86 (0) 22 6529 9090,www.legumexwalker.cn,Oriente
481,Lelia Foods S.A. (esti Greek Premium Products - Ifantis Group),Grécia,Sun kissed Greek olives,,Irene Evangelopoulou (Ειρήνη Ευαγγελοπούλου),Export Sales Manager,irene@lelia.gr,T: +30 22210 31200 | M: +30 6958 463931,leliafoods.gr,Oriente
482,Lidya Walnuts S.A. (member of Tiryaki group),Rumania,Walnuts,,Alina Calin,Sales Support Specialist,alina.calin@lidyawalnuts.com,Tel: +40 248 610 600 | Fax: +40 248 610 601 | Mobile: +40 784 285 525,www.lidyawalnuts.com,Oriente
483,"Baoqing Zhongqing Agricultural & Sideline Products Co., Ltd (Longdong Zhongqing)",China,Seeds | Sementes,,Carlijn Cools,Sales Manager,carlijn@zhongqingpumpkins.com,Tel: 0086 469 5455868 | Fax: 0086 469 5455866 | Mobile: 0031 (0)651311186,www.zhongqingnuts.net,Oriente
484,"Lontrue Co., Ltd (朗源股份有限公司) [SZ:300175]",China,,Raisins,王明丽,销售员 (Sales),amy@lontrue.com,Tel: 0535-8662329 | Fax: 0535-8610658 | Mobile: 13884655707,www.lontrue.com,Oriente
485,"Luong Quoi Coconut Co., Ltd",Vietnam,,DC,Huynh Thi Cam Chau,Vice Director,luongquoi@gmail.com,Mobile: +84 (0) 908 055 992,www.luongquoi.vn,Oriente
486,"Luong Quoi Coconut Co., Ltd",Vietnam,Desiccated Coconut,,Nguyen Truong Thinh,Import & Export Department Manager,truongthinh@luongquoi.vn / ngtruongthinh@gmail.com,Mobile: +84 (0) 986 86 16 96,www.luongquoi.vn,Oriente
487,"Meihekou City Sahewanxin Mountain Specialty Co., Ltd (Dalian Office)",China,Dried Fruits & Nuts,,Li Shuyu,Sales Director,sandylizhyr@hotmail.com,Tel: 0086 411-82710859 | Fax: 0086 411-39887659 | Mobile: (0)13804257003,,Oriente
488,PT. Mignon Sista International,Indonesia,,Vanilla,Liana Hardiyanto,Managing Director,liana@mignon-international.com / lianasyauta@gmail.com,Phone: +62 21 8671068 / 86863238 | Fax: +62 21 8672125 | Mobile: +62 811 1171 425,www.mignon-international.com,Oriente
489,"Juxian Modern Organic Ginger Co., Ltd (莒县华腾有机生姜有限公司)",China,Ginger (anotado a mano: 'Flakes Fresh'),,Julia Liu (刘彩云),Vice General Manager,julialiu@rzsunny.com,Tel: +86 633 8088 818 | Fax: +86 633 8088 838 | Mobile: +86 139 0633 0723,www.bettermodern.com,Oriente
490,Mojtaba Bonab Co. (Mojtaba Bonab Dried Fruits Co.),Iran,Dried Fruits & Nuts,,Mojtaba Haddadi Bonab,Chairman,info@mojtababonab.com,Telefax: +98 (412) 7280121 - 7280324 | Phone: +98 (412) 7280323 | Mobile: +989143220622 | Turkey Office: +90 539 267 7635,www.mojtababonab.com | www.mojtababonab.ir,Oriente
491,Murtuza Foods Pvt. Ltd.,India,Desidratados,,Hasnain Badami,Director,hlb@murtuzafoods.com,Mobile: +91 89809 41414 | Ph: +91 2844 246118 / 246502 | Fax: +91 2844 246068,www.murtuzafoods.com,Oriente
492,Nihal Shantha & Sons (Manufacturing & Exports of Cinnamon),Sri Lanka,Cinnamon | Canela,,Nihal Shantha,Proprietor,nihal_shantha76@yahoo.com,Tel: 091-2291798 | Fax: 091-2291092 | Mobile: 077-3421601 / 071-7421601,www.lankacinnmon.com,Oriente
493,"OBAI Comercio Internacional (Comércio, Importação e Exportação Ltda)",Brasil,,,Diego Ruckhaber,Comercial Manager,comercial@obai.com.br,Mobile: +55 (47) 9 9944-0224,,Oriente
494,Obay,Brasil,,,Abdel-Rahman Adel,Commercial Director,export@obaitrading.com / abdel.rahman@outlook.com,Brazil: +55 473 021 7877 | Egypt: +20 106 638 8384 | +55 119 300 99211,www.obaitrading.com,Oriente
495,Olivellas SA (Top Quality Greek Olives),Grécia,"Azeitonas, Azeite de Oliva",,Efthimis Frantzanas,Export Department,e.frantzanas@olivellas.gr,Mob: +30 6975 874 310 | Tel: +30 23710 52260 / 53260 (ext. 212) | Fax: +30 23710 51635,www.olivellas.gr,Oriente
496,Orka,Turquia,Dried Fruits & Nuts,,Hakkı Gürbüz,Commercial Manager,hgurbuz@orkatarim.com,T: +90.236 313 90 00 | Direct T: +90.236.312 95 85 | Mobile T: +90.532.382 69 86 | F: +90.236.313 63 98,www.orkatarim.com,Oriente
497,Özgür Tarım Ürünleri İnş. San. ve Tic. A.Ş.,Turquia,,,Ahmet Bağcı,Export and Logistics Officer,ahmetbagci@ozgurtarim.com.tr,T: +90 (236) 357 49 53 Ext: 103 | F: +90 (236) 357 41 78 | M: +90 (532) 691 58 64,www.ozgurtarim.com.tr,Oriente
498,Özgür Tarım Ürünleri İnş. San. ve Tic. A.Ş.,Turquia,Dried Fruits & Nuts,,Alper Özgür,Member of the Board,alperozgur@ozgurtarim.com.tr,T: +90 (236) 357 49 53 | F: +90 (236) 357 41 78,www.ozgurtarim.com.tr,Oriente
499,Parthenon - Georgoudis S.A.,Grécia,Greek snack olives (anotado a mano),,Paris Georgoudis (Πάρις Γεωργούδης),CEO,georgoudis@vol.forthnet.gr,"Tel: +30 24250 - 24025, 24201 | Fax: +30 24250 - 24026",www.olives.gr,Oriente
500,Pearl Group (Tập Đoàn Trân Châu),Vietnam,"Black pepper whole, white pepper whole, cassia, turmeric, ginger, star aniseeds, dry chilli, ground nut kernels, joss powder, joss sticks, bamboo sticks, betel nuts, desiccated coconut, green beans, medicinal herbs and spices, fresh chilli, fresh lemon, fresh and dry lemongrass, fresh garlic, fresh turmeric, fresh ginger, tomato, potato, sweet potato, lime, beetroot, cabbage, tamarind, aubergine, capsicum",,Hari Prasad,Sales Director,sales1@pearlcorp.com.vn,Mobile: +84 932 609 398,vietnampepper.vn | giavitranchau.vn,Oriente
501,Vietnam Pepper Association (VPA),Vietnam,,,Hoang Thi Lien,Chairperson,vpa@peppervietnam.com / lienhoang.vpa@gmail.com,Mobile: +84 90 179 5135 | Tel: +84-28 3823.7288 | Fax: +84-28 3822.3901,www.peppervietnam.com,Oriente
502,Phucsinh Corporation (Công Ty Cổ Phần Phúc Sinh),Vietnam,"Café, cassia (anotado a mano: 'anis')",OC Anis,Phan Minh Thong,President / Tổng Giám Đốc,office@phucsinh.com,Tel: +(84.8) 38 266 251 | Fax: +(84.8) 38 266 250 - 38 268 616 | Mobile: +(84) 903 685 458,www.phucsinh.com,Oriente
503,Primex Group of Companies,Filipinas,Desiccated Coconut,,Fatima R. Velasco,VP - Marketing & Sales,sales@primexcoco.com,+63 918 9208343 | Phone: +63 2 87227327 loc 104 | Fax: +63 2 87279098,www.primexcoco.com,Oriente
504,Prosi Thang Long Join Stock Company (PROSI),Vietnam,Especiarias,,Hana,Sales Manager,Hana@prosi.com.vn,WhatsApp: (+84) 97 368 29 50,prosi.com.vn,Oriente
505,"Qingdao Haiwang Dried Vegetables & Fruits Co., Ltd (Haiwang Food Ingredients)",China,Dried Fruits & Nuts,APAS 25,Wu Haiyan,,haiwanggs@163.com / admin@qdhaiwang.com,Mob: 0086-13969875678 | Tel/Fax: 0086-58567189,www.qdhaiwang.com,Oriente
506,Rahmat Fruit Processing Corp,Paquistão,Dried Fruits & Nuts,Raisins,Samiullah Khan,Managing Director,sami@rahmatfruitprocessing.com / info@rahmatfruitprocessing.com,-7626,www.rahmatfruitprocessing.com,Oriente
507,Raj International,India,Spices,,Shantibhai Patel,,info@rajmasala.com,+91 987 931 2305 | Tel: +91-2744-220846,www.rajmasala.com,Oriente
508,Rashwell Company (L.L.C.) - Rashco,Emiratos Árabes Unidos (EAU),,,Burhanuddin Kerai,Export Executive,info@rashwell.com,Mob: 052-9047805 | Tel. Off: 2262855 | Fax: (009714) 2262337,www.rashwell.com,Oriente
509,Oriental (Oriental Fruits),,"Onions, oranges, garlic, grapes, strawberries",,,,,,www.orientalfruits.com,Oriente
510,Sana Naturals,Paquistão,,Sal,Saima Akhtar,CEO,s.akhtar@sana-naturals.com,T: +92 21 35171411-2 | M: +92 300 2863933,sana-naturals.com | healiv.co,Oriente
511,Sana Traders,Paquistão,Himalayan salt products,,Saima Akhtar,CEO,S.Akhtar@Sana-Traders.com,Phone: +92 301 8220770 | +92 300-2863933,www.Sana-Traders.com,Oriente
512,"Meihekou City Renhe Wanxin Mountain Specialty Products Co., Ltd (Dalian Office)",China,,,Li Shuyu (李淑渝),销售总监 (Sales Director),sandylizhyr@hotmail.com,Tel: 0411-82710859 | Fax: 0411-39887659 | Mobile: 13804257003,,Oriente
513,S. A. Silva & Sons Lanka (Pvt) Ltd. (Silvermill),Sri Lanka,,,Sudhira Anthony,DGM Marketing,sudhira@silvermillgroup.com,Tel: +94 11 7389375-77 / +94 11 2677073 | Fax: +94 11 2677063 | Mobile: +94 71 788 1204,www.silvermillgroup.com,Oriente
514,Sekaya Global Group (Sekaya Natural Ingredients),Filipinas,,,Judy Abrina,,mabrina@sekayaglobal.com,(632) 8858-1000 | +63917-8518087,www.sekayaglobal.com,Oriente
515,Şen İhracat Dış Ticaret A.Ş. (Dry and Dried Fruits Export),Turquia,Dried Fruits & Nuts,,İlhan Zincircioğlu,Export Manager,ilhanz@senihracat.com / info@senihracat.com,Office: +90.232.422 10 60 - 421 89 72 | Fax: +90.232.421 77 05 | Mobile: +90.532.295 88 59,www.senihracat.com,Oriente
516,Seyrek Tarım Ürünleri San. ve Tic. Ltd. Şti. (Seyrek Dried Fruits / Golden Figs),Turquia,Dried Fruits & Nuts,,Osman Özyurt,Sales Executive,osman@seyrekfood.com,T: +90 256 563 1014 | F: +90 256 563 1015 | M: +90 535 715 5523,www.seyrekfood.com,Oriente
517,"Dalian Shuangfeng Grain Processing Co., Ltd (sFood)",China,"Beans, pulses, buckwheat, sunflower seeds, pumpkin seeds, peanuts, pine nuts, raisins, millet",,Charles-Chin,Sales Manager,sflg@china-bean.com,Tel: +86-411-83721758 | Fax: +86-411-83726283 | Mobile: +86-13591371288,www.china-bean.com,Oriente
518,"Shandong Foodstuff Co., Ltd (Shandong Pastoral Wealth Group)",China,,,Kevin (符海宁),Marketing Assistant,Sales002@pastoralgroup.com,0086-13793821589 | Tel: 0086-538-8209008 / 6981886 | Fax: 0086-538-8209018,www.pastoralgroup.com,Oriente
519,Shokooh Bonab (Manufacturer & Exporter of Iranian Raisins),Iran,Dried Fruits & Nuts,Raisins,Mohammad Reza Tabibi,Managing Director,info@shokooh-bonab.com,Tel: +98 412 728 11 30 | Fax: +98 412 728 06 99 | Mobile: +98 914 121 8053,,Oriente
520,Shyam Industries (Star Export House),India,Seeds | Sementes,,Sanjay Vachhani,Managing Director,sanjay@shyam.in / info@shyam.in,"+91 98250 78169 | T: +91 79 2282 2365, 2280 1298 | F: +91 79 2282 1433",www.shyam.in,Oriente
521,Sibas Gıda Sanayi ve Ticaret A.Ş.,Turquia,Capers (anotado a mano),,Derman Akın,Sales & Marketing Executive,derman@sibasfood.com,Tel: +90 256 548 10 11-156 | Faks: +90 256 548 10 90 | Gsm: +90 533 325 78 30,www.sibasfood.com,Oriente
522,S. A. Silva & Sons Lanka (Pvt) Ltd. (Silvermill),Sri Lanka,,,Amitha Silva,Chief Marketing Officer / Director,amitha@silvermillgroup.com,Tel: (+94) 11 7389375-77 | Direct: (+94) 11 7389381 | Fax: (+94) 11 2677063 | Mobile: (+94) 71 7881211,www.silvermillgroup.com,Oriente
523,Sky Agri Export,India,Especiarias,"Spices, garlic | Alho (anotado a mano)",Dinesh Sabhadia,Chairman,sales@skyagriexport.com,+91 800 052 0406,www.skyagriexport.com,Oriente
524,SMJ Exports Private Limited (SMJ Spices),India,Especiarias,,Tarun Bafna,Director,tarunbafna@smjspices.com,M: +91 96722 73561,www.smjspices.com,Oriente
525,Spice Source (Alternatif Tarım ve Orman Ür. San. ve Tic. Ltd. Şti.),Turquia,,,Muhammet Öztürk,,ozturk@spicesource.com,Tel: +90 (232) 866 2200 | Fax: +90 (232) 866 2420 | Gsm: +90 (532) 411 54 20,www.spicesource.com,Oriente
526,Sterling Exports Inc. (Govt. Recognized Star Export House),India,Especiarias,"Spices, oil seeds, rice, raisins, herbs, grains, pulses, oils, dehydrated onion, dehydrated garlic (anotado a mano: 'raisins')",Sahil G. Brahmbhatt,Managing Director,sahil@sterlingexportsinc.com,Phone: 91-22-2591 9311/2591 2192 | Fax: 91-22-2591 9310 | Mobile: 91-9819702040 / 9920117264,www.sterlingexportsinc.com,Oriente
527,"Hebei Tiancheng Food & Vegetable Co., Ltd (STfood / Shining Tech (Xuzhou) Co., Ltd)",China,Blueberries,,Sam Way (魏宪民),Sales Manager,sales@shiningtech.cn,M.phone: +86 13952110002 / +86 18651789965 | Fax: +86-516-85713235,www.chinastfood.com | www.chinastfood.cn,Oriente
528,Sungai Budi Group,Indonesia,,DC,Heryana Pranayasa,,heryanapranayasa@sungaibudi.com,Phone: (+6221) 5213383 | Fax: (+6221) 5262971,,Oriente
529,Sungai Budi Group,Indonesia,,DC,Indra W. Satiragani,,indra.ws@sungaibudi.com,Phone: (021) 5213383 | Fax: (021) 5262971,,Oriente
530,Suruchi Spices Pvt. Ltd.,India,,,Mayank Jain,,mayank.jain@suruchispices.net / export@suruchispices.net,"+91 9422806493 | Ph: (07109) 278371, 278424 | Fax: 278388",www.suruchispices.net,Oriente
531,Almond and Walnut Producers' Association,Georgia,"Walnuts, Almonds",,Leri Tabatadze,Managing Partner,Tabatadze.leri@gmail.com,+995 577 11 08 67,,Oriente
532,"Takerng Pineapple Industrial Co., Ltd / V & K Pineapple Canning Co., Ltd",Tailandia,Conservas,,Korrakod Boodarkad,Marketing Executive,korrakod@takerng-vk.net,Phone: +66 (32) 721073-75 | Fax: +66 (32) 721071-72 | Mobile: 66 (81) 9411405,www.takerng-vk.com,Oriente
533,T&S International LLC / Global Best (HK) Limited,Estados Unidos,,,,,,Tel: (908) 818-1112 | Fax: (908) 221-1933 | Tel: 00852-65323928,,Oriente
534,Transfood Lanka (Pvt) Ltd. (Sri Lankan Raw Spices Exporter),Sri Lanka,Cinnamon | Canela,,Sajahan Abdul Hameed,Managing Director,tflankasp@gmail.com,"+94 777 120960 | T: +94 112 534309, +94 11 254 7492",www.tflanka.com,Oriente
535,Timtas Tarım Ilac ve Mahsulleri Ticaret A.Ş.,Turquia,Dried Fruits & Nuts,Oregano,Mayer Arditi,Managing Director,arditi@timtas.com.tr,T: +90 232 483 38 37 | M: +90 532 760 92 76,www.timtas.com.tr,Oriente
536,Tinmai JSC,Vietnam,Coco,,Ryan (Mr. Phu),International Sales Manager,sales@tinmai.vn,Tel: +84 - 283 814 3669 | Mobile: +84 - 912 817 382,www.tinmai.vn,Oriente
537,"Qingdao Topsen Imp & Exp Co., Ltd",China,Dried Fruits & Nuts,,Tracy Liu,General Manager,liu-tracy@263.net / topsen2015@163.com,H/P: 0086-137 0898 7675 | Tel: 0086-532-85840515 | Fax: 0086-532-85848668,www.chinatopsen.com,Oriente
538,Tropikal Life International (Pvt) Ltd,Sri Lanka,,,Aditha Rambukwella,Senior Manager - International Trade,aditha@tropikal.life,M: +94 77 1030923 | T: +94 11 4311541,www.tropikal.life,Oriente
539,Türkel (Turkish Dried Apricots & Figs),Turquia,,,Hasan Türkel,Export Manager,yusa@turkelapricot.com,Phone: +90 422 237 55 15 Pbx | Fax: +90 422 237 55 18 | Mobile: +90 533 593 74 75,www.turkelapricot.com,Oriente
540,UKR-WALNUT LTD,Ucrânia,Walnuts,,Ihor Djachok,Head of Export Sales Dept.,sales@ukr-walnut.com / info@ukr-walnut.com,Tel: +38(095) 220-81-72 | Fax: +38(0382) 71-85-35,www.ukr-walnut.com,Oriente
541,Union Commodities (Pvt) Ltd. (Unicom / Simondou / Cocofera),Sri Lanka,,DC,Pramodh Wickremasinghe,Manager,pramodh@unicomtea.net,Tel: +94 115 700 900 / +94 115 700 960 | Mobile: +94 763 483 853,,Oriente
542,United Inc,India,Dried Fruits & Nuts,,Rohit Savaliya,Foreign Trade Manager,sales@unitedincagri.com,Mobile: +91 909 916 5378 / +91 886 641 4234,www.unitedincagri.com,Oriente
543,"Urumqi High-Tech Development Zone Elite Trading Co., Ltd (金海怡贸易有限公司)",China,Tomate,,Yan Jing (闫静),Business Manager,manager@elite-impexp.com,Mobile: 0086-(0)13565859223 | Tel: 0086-991-3676910 | Fax: 0086-991-3676900,www.elite-impexp.com,Oriente
544,"Vara Food & Drink Co., Ltd",Tailandia,Coco,,Kesinee Mekdumrongsang,Marketing Director,mkesinee@loxinfo.co.th / kesinee_mek@varafood.com,"Tel: (662) 881-2030, 881-2040 | Fax: (662) 434-5433-4, 881-2033",,Oriente
545,Vegetexco Ho Chi Minh City (Công Ty Cổ Phần Xuất Nhập Khẩu Rau Quả),Vietnam,,DC,Lâm Thị Bạch Tuyết,Trưởng Phòng Kinh Doanh I / Manager of Trading Dept. I,vghcm6@hcm.fpt.vn / vghcm3@hcm.fpt.vn,ĐT: (84-8) 39330496 | Mobile: +84-939420191 | Fax: (84-8) 39330562,www.vegetexcohcm.com,Oriente
546,V Ganesh Foods (P) Limited,India,Especiarias,"Spices (whole & ground), black pepper (Vietnam), corn starch, raisins (golden, black & brown), botanical herbs, sesame seeds (natural & hulled), chick peas, peanuts, cashews, agro commodities",Sanndip Goyal,C.E.O,exports@ganeshagro.com,Phone: 91-731-304-66-44 | Fax: 91-731-304-66-22 | Cell: 91-942-506-28-01,www.ganeshagro.com,Oriente
547,Vida (Vida Trading),,"Azeitonas, Azeite de Oliva",,Abdallah Mashhour,General Manager,mashhour@vida-trading.com,+1 (469) 756-2256,www.vida-trading.com,Oriente
548,Vilexim Import Export & Cooperation Investment JSC Branch,Vietnam,,DC | Vietnam,Nguyen Thanh Trung,Import - Export Dept.,trungthanhng1234@yahoo.com,Mobile: 0918 587 882 | Tel: (84.8) 3.512 6062 / (84.8) 3.512 6063 | Fax: (84.8) 3.512 6059,www.vilexim.com.vn,Oriente
549,Vinasamex,Vietnam,Especiarias,,Lisa Huyen,General Director,Info@staraniseed.com / lisa.staraniseed@gmail.com,Tel: +8424 6295 1111 | Fax: +8424 6269 9997 | Mobile: +84 987 558 116,www.vinasamex.com,Oriente
550,Visimex,Vietnam,,,Maika Chi,Sales Manager,maika@visimex.com,Mobile: +84 948 425 455 | Tel: +84 24 3976 5905 (Ext:348),www.visimex.com,Oriente
551,Wright Associates International,Reino Unido,,Broker AHT,John E. Sueke,,johnsueke@wright-associates.org,Tel: +44 207 433 1073 | Mobile: +44 7801 662 481,,Oriente
552,Wadi Food Industries Co. S.A.E,Egito,,,Maya Shafie,Regional Export Sales Manager,maya.shafie@wadigroup.com.eg,T: +20 2 38278203/4 - 38278213/4 | F: +20 2 38278299 | M: +20 1066637613,www.wadigroup.com,Oriente
553,Oriental,Egito,,,Wael Soliman,General Manager,wsoliman@orientalfruits.com,Whatsapp: +2 010 105 034 91 | Phone: +2 02 224 123 15,,Oriente
554,Waguruwela Oil Mills (Pvt) Ltd.,Sri Lanka,Premium quality tropical organic products,DC,Roshan Perera,Chief Operating Officer (COO),roshan@waguruwelamills.com,T: +94 770467811,www.waguruwelamills.com,Oriente
555,Walnuts.ge,Georgia,,,David Bukhnikashvili,Director,operations@walnuts.ge,+(995) 591 130 811,www.walnuts.ge,Oriente
556,"Wel-Hunt Materials Enterprise Co., Ltd (華翰物產實業股份有限公司)",Taiwan,Cashews,,Sharon Yang (楊絲涵),Agriculture,Sharon.yang@welhunt.com.tw,886-2-2749-3763 | 886-970-583624 | Tel: 886-7-9668898 | Fax: 886-7-9668868,www.welhunt.com.tw,Oriente
557,"Linyi Yuanyuan Food Co., Ltd (临沂园源食品有限公司)",China,Desidratados,,Jianhong Yang (杨建宏),General Manager / 总经理,yuanyuanfood@vip.163.com,Tel: +86-539-8096077 | Fax: +86-539-8096071 | Mobile: +86-13905398446,www.vegetables-fruits.com,Oriente
558,Alliance Grain Traders,Canadá,,,,,,,,USA-CANADA
559,Amexsa Corp. (Corpavicol),Estados Unidos,Varios,,Tessa Leys,Operations Manager,tessa@amexsacorp.com,678-681-9637 | 800-991-0271 x102 | Fax: 678-562-9525 / 888-740-9874,www.AmexsaCorp.com,USA-CANADA
560,Andalucia Nuts,Estados Unidos,,,Amar Patel,Facility Manager,apatel@andalucianuts.com,+1.404.997.9054 | tel 1.770.977.0555 | fax 1.770.977.4511,www.andalucianuts.com,USA-CANADA
561,American Trading International (ATI),Estados Unidos,,,Matthew Gold,Brand Development Manager,ati@american-trading.com,+1 310.445.2000,american-trading.com,USA-CANADA
562,Bar Bakers,Estados Unidos,,Barra Cereal,John Gutteridge,V.P. Sales,john@barbakers.com,office 562.719.0313 | cell 949.422.7599 | fax 562.719.0323,www.barbakers.com,USA-CANADA
563,British Columbia Blueberry Council (BC Blueberries),Canadá,Blueberries,,Debbie Etsell,Executive Director,debbie@bcblueberry.com,T: +1 604 864 2117 | C: +1 604 996 2701 | F: +1 604 864 2197,www.bcblueberry.com,USA-CANADA
564,Blue Diamond Almonds (Global Ingredients Division),Estados Unidos,"Almendras, Almonds",,Jeffrey Sleeper,International Sales Manager,jsleeper@bdgrowers.com,Office: 916-446-8323 | Mobile: 916-671-4420 | Fax: 916-446-8622,www.bdingredients.com,USA-CANADA
565,Brauner International Corporation,Estados Unidos,"International freight forwarders, custom brokers, air freight",,William Brauner,Miami Branch Manager,wbmia@braunerintl.com,Tel: (305) 477-8097 | Fax: (305) 477-8170,www.braunerintl.com,USA-CANADA
566,BuzzBallz Cocktails (Southern Champion),Estados Unidos,Cocktails,,Todd Ziegenfus,"VP, International",todd.ziegenfus@southern-champion.com,+1 925.337.6346 | +1 972.242.3777,BuzzBallz.com,USA-CANADA
567,Cal Ranch,Estados Unidos,Pistache | Pistacchio,,Vivian Zhang,,export@calranchfood.com,Phone: (925) 429-2900 | Fax: (925) 429-2017,,USA-CANADA
568,Carter Pecan (Arnco Inc),Estados Unidos,Fine treenuts,,Linda Truong,,Linda@CarterPecan.com,O: +1 850 777 3139 | M: +1 623 383 4786,www.CarterPecan.com,USA-CANADA
569,Carter Pecan (Arnco Inc),Estados Unidos,Fine treenuts,,Preston Asay,,Preston@CarterPecan.com,O: +1 334 218 3803 | M: +1 850 238 6998,www.CarterPecan.com,USA-CANADA
570,CHS,Estados Unidos,Seeds | Sementes,,Monica D. Olson,Account Manager - Sunflower Processing & Food Ingredients,monica.olson@chsinc.com,Direct: 701-484-5105 | Mobile: 701-781-0269 | Fax: 701-484-5657,chsinc.com | chssunflower.com,USA-CANADA
571,Cocktail & Sons,Estados Unidos,Cocktails,,Max J. Messier,Co-Founder / Productions,max@cocktailandsons.com,4153705650,www.cocktailandsons.com,USA-CANADA
572,"Crain Walnut Shelling, Inc.",Estados Unidos,Walnuts,,Jessica Vazquez,Customer Service Coordinator,jvazquez@crainwalnut.com,Ph: 530-528-7757 | Fax: 530-529-1458 | Mobile: 530-567-5573,www.crainwalnut.com,USA-CANADA
573,"Crain Walnut Shelling, Inc.",Estados Unidos,Walnuts,,Kimberly Gonsalves,Sales Administrator,kgonsalves@crainwalnut.com,Ph: (530) 528-7748 | Fax: (530) 529-1458 | Mobile: (530) 567-5566,www.crainwalnut.com,USA-CANADA
574,Derco,Estados Unidos,,,Jason Karr (杰森·卡尔),,jason@dercofoods.com,Tel: (559) 435-2664 | Fax: (559) 435-8520,www.dercofoods.com,USA-CANADA
575,Divina Castanha,Brasil,Dried Fruits & Nuts,,Ewerton Barea,,divinacastanhadobrasil@gmail.com,WhatsApp: 44 99742-6258,,USA-CANADA
576,FoodSource Inc.,Estados Unidos,"Walnuts, Almonds",,Ashli Blauser,,ashli@foodsource.us,Phone: 630-887-8590 | Mobile: 773-366-9493 | Fax: 630-887-8599,www.foodsource.us,USA-CANADA
577,Fresh Gate,Egito,"Azeitonas, Azeite de Oliva",Azeitona | Egypt,Moataz Zaki,CEO,Moataz@freshgate.org,0.9995045554548182,www.freshgate.org,USA-CANADA
578,Fruit d'Or Inc.,Canadá,Berries,"Berries | Produits de canneberge et bleuet biologique et conventionnel (organic and conventional cranberry and blueberry products - dried, IQF, puree, juice, concentrate and retail)",Marie-Michèle Le Moine,Chargée de comptes à l'international / International Account Manager,mmlemoine@fruit-dor.ca,Tel.: 819 385-1126 ext. 227 | Fax: 819 715-0058,www.fruit-dor.ca,USA-CANADA
579,Fruselva America,Chile,Global food co-manufacturer (anotado a mano: 'Suco' con dibujo de botella),,Pablo Esteban Villalobos Vaccaro,Business & Development,p.villalobos@fruselvaamerica.com,Office: +56 71 2632200 | Mobile: +569 63348846,www.fruselvaamerica.com,USA-CANADA
580,,Estados Unidos,"Almendras, Almonds",,Geoffrey Bogart,Latin America Marketing Consultant,gbogart007@gmail.com,Cell: (209) 573-3317,Linkendin.com/in/geoffreysbogart,USA-CANADA
581,Georgia Department of Economic Development,Estados Unidos,,,Priya Verma,International Trade Manager,pverma@georgia.org,direct: (+1) 404.962.4124 | fax: (+1) 404.962.4121,Georgia.org,USA-CANADA
582,"Hidalgo Group, LLC (Logistic & Supply Chain)",Estados Unidos,,,Gema Perez-Norbeck,VP of Sales & Marketing,gema@hidalgogroupllc.com,Tel. 561.926.3980,www.hidalgogroupllc.com,USA-CANADA
583,Horizon Nut Company (Horizon Growers),Estados Unidos,Pistache | Pistacchio,,Darwin Inman,VP - Sales & Marketing,dinman@horizonnut.com,Office: 559.685.3663 | Mobile: 209.988.5659,www.horizonnut.com,USA-CANADA
584,Harris Woolf Almonds (HWA),Estados Unidos,"Almendras, Almonds",,Joe Wiegand,Grower Representative,jwiegand@hwalmonds.com,o. 559.884.2147 | m. 559.999.6605,harriswoolfalmonds.com,USA-CANADA
585,PT. Indo Rempah Commodities,Indonesia,Desiccated Coconut,,Mumtaz Rahman,Managing Director,mumtaz@indorempah-commodities.com,+62 812 9369 9611 | +62 21 2276 7777,www.indorempah-commodities.com,USA-CANADA
586,Izzy Group LLC,Estados Unidos,Serviços,,Eddie Correa,Director,ecorrea@izzygroupusa.com,(516) 698-8187 | (954) 531-6419,,USA-CANADA
587,LeAnn's Gourmet Foods,Estados Unidos,Conservas,Picles Conserva,Tracy North / Michelle Pyrtle,,leannsgourmetfoods@gmail.com,Tracy North (678) 641-4493 | Michelle Pyrtle (770) 560-5980 | Office (678) 272-0983,www.leannsgourmetfoods.com,USA-CANADA
588,"L.H. Hayward & Company, LLC (Camellia Brand / Gulf Coast Blenders / Dagostino)",Estados Unidos,Dried Fruits & Nuts,,Richard Rees,Director of Marketing,RichardR@LHHCO.com,(504) 733-8480 | (225) 953-1000,CamelliaBrand.com | GulfCoastBlenders.com | DagostinoPasta.com,USA-CANADA
589,Logic Logis (Freight Forwarder & International Logistics),Estados Unidos,,,Alarico Callado,President,alarico@logiclogis.com,C 305-923-2193 | P 786-623-2755 | F 786-623-0868,www.logiclogis.com,USA-CANADA
590,LTA International Global Services,Estados Unidos,,,Maxime Krief,Sales Director Africa & Middle East,mkrief@ltainternational.com,Office: (727) 896-7555 ext. 260 | Fax: (727) 954-8825 | Mobile: (813) 943-2181,www.ltainternational.com,USA-CANADA
591,Mobilis CargoLog,Brasil,,,"Nelson Mathias, Jr.",Diretor Comercial,nelson.mathias@mobiliscargolog.com,(12) 98887-4597,,USA-CANADA
592,Elnora Farms Inc. / Okeanos Inc.,Estados Unidos,Seeds | Sementes,"Quality fruit produce, further process vegetables, cut flowers","Willie Lee Cooper,  Jr.",,williec.okeanos@mstar.net,229-331-1792,,USA-CANADA
593,Naturally Delicious,Estados Unidos,Snacks,,Janette M. Roca,,janette@naturallydelicious.org,786-769-8880,NaturallyDelicious.org,USA-CANADA
594,NaturSource,Canadá,,,Kari McCready,National Key Account Manager,kari@natursource.com,C. (647) 834-2798,www.natursource.com,USA-CANADA
595,"Oklahoma Department of Agriculture, Food, & Forestry",Estados Unidos,,,Barbara Charlet,Market Development Coordinator,barbara.charlet@ag.ok.gov,Office (405) 522-6192 | Fax (405) 522-4855,,USA-CANADA
596,Open Markets Corp. (Marketing Research and Sales Alliances),Estados Unidos,,,Ruben Echeverry,President,admin@openmarketscorp.com,Phone: 786.200.4824 | Fax: (1) 775.205.4045,www.openmarketscorp.com,USA-CANADA
597,Oregon Hazelnuts,Estados Unidos,Hazelnuts,,,,,,www.OregonHazelnuts.org,USA-CANADA
598,PNC Bank (PNC CFO),Estados Unidos,,Eddy | Izzy,Maggie Suazo,VP Business Banker,margarita.suazo@pnc.com,T 305-202-3500 | F 855-354-5946,pnc.com/cfo,USA-CANADA
599,Rancho Pecana,,Dried Fruits & Nuts,,,,orders@ranchopecana.com,,,USA-CANADA
600,Red Gold (Premium Tomato & Food Products),Estados Unidos,Tomate,,Jonni King,Inside Sales Export Accounts,jking@redgold.com,Office 765.557.5500 Ext. 1167 | Fax 765.557.5501,www.RedGold.com,USA-CANADA
601,River Global,Brasil,,,Catarina Lima,Trade & Marketing Specialist,clima@riverglobal.net,+55 11 3051 9080 | +55 11 98877-9337,www.riverglobal.net,USA-CANADA
602,River Global,Brasil,,,Carolina Nascimento,Managing Partner,cnascimento@riverglobal.net,+55 11 3051 9080 | +55 11 97618-0831,www.riverglobal.net,USA-CANADA
603,RPAC LLC (Almond Grower & Handler),Estados Unidos,"Almendras, Almonds",,Paul Ewing,,paulewing@rpacalmonds.com,Cell: +1.209.777.4453 | Office: +1.209.826.0272 | Fax: +1.209.826.3882,www.rpacalmonds.com,USA-CANADA
604,"Rosenthal Rosenthal Rasco, LLC (Law Offices)",Estados Unidos,,,Melissa Groisman,Attorney at Law,MGS@RRRKlaw.com,Tel: 305.937.0300 | Fax: 305.937.1311,,USA-CANADA
605,Saskcan Pulse Trading,Canadá,,,Mark Boryski,Merchandiser,mboryski@saskcan.com,Phone: (306) 525-4490 | Cellular: (306) 596-8116 | Fax: (306) 525-4463,www.saskcan.com,USA-CANADA
606,"Friel Lumber Company / S.E.W. Friel, LLC (Friel's - Fancy Canned Foods)",Estados Unidos,Enlatados,"Fancy canned foods, made fresh from the farm",Jacob Friel,,jacob@sewfriel.com,Phone: 410-827-8811 | Toll Free: (800)739-2676,www.friellumber.com,USA-CANADA
607,Sneakz Organic,Estados Unidos,Snacks,Yummy veggie nutrition (anotado a mano: 'Achocolatado'),Steve Krueger,Logistics Operations Manager,steve@sneakz.com,Cell: 561-420-2845 | Office: 561-529-3083,www.sneakz.com,USA-CANADA
608,Summit Premium Tree Nuts,Estados Unidos,,,Dale Darling,,daledarling@summitalmonds.com,Cell 1-916-225-0950 | Tel. 1-916-988-1081 | Fax 1-916-988-1089,,USA-CANADA
609,Taste of Nature,Canadá,,,Will Stenason,"Director, International Sales",will.stenason@tasteofnature.com,office: 416.619.0545 | cell: 416.919.9231,tasteofnature.com,USA-CANADA
610,Terrapin Ridge Farms,Estados Unidos,Queijos & Laticínios,,Mark W. O'Brien,Sales Manager,mark@terrapinridge.com,727.442.3663 / 800.999.4052 | Fax: 727.442.4800,www.terrapinridge.com,USA-CANADA
611,Texas Department of Agriculture,Estados Unidos,,,Carlos J. Guerrero,Coordinator for International Marketing,Carlos.Guerrero@TexasAgriculture.gov,Office (512) 463-6507 | Fax (888) 223-5735 | Mobile (512) 787-6931,TexasAgriculture.gov,USA-CANADA
612,The Green Valley Pecan Company (A Division of Farmers Investment Co.),Estados Unidos,Dried Fruits & Nuts,,Bruce Caris,Executive Vice President,bcaris@greenvalleypecan.com,Sales 800-533-5269 | Phone 520-791-2852 | Fax 520-648-0532,www.greenvalleypecan.com,USA-CANADA
613,USA Tax (Tax Preparation & Accounting Services),Estados Unidos,,,Marco Reis,Accountant / CEO,usatax@usataxfl.com,(954) 788-1818 / (786) 257-2743 | Fax: (954) 788-6765 / (786) 257-2744,www.usataxflorida.com,USA-CANADA
614,"U.S. Pecans (National Pecan Growers' Council, Inc.)",Estados Unidos,Dried Fruits & Nuts,,Janice Dees,Project Manager,Janice@georgiapecan.org,229-382-2187,www.USpecans.org,USA-CANADA
615,World Deal Traders (WDT - Gateway to Global Distribution),Estados Unidos,Largest selection of FMCG for supermarkets across the world,,Nizar Ali,,admin@worlddealtraders.com,US: +1 (832) 970-2021 | US: +1 (281) 272-6175,www.worlddealtraders.com,USA-CANADA
